2.993380806285821194e+01,3.069340953484240941e+01,3.133043980233861703e+01,3.186595476876436095e+01,3.219482093455722094e+01,3.329485785479232618e+01,3.285259783312214665e+01,3.305898923010605017e+01,3.324679337476114682e+01,3.344526274742953831e+01,3.355207801810055201e+01,3.378672962414435688e+01,3.392254607443642556e+01,3.406050508468455718e+01,3.411828001515910813e+01,3.424426860332386013e+01,3.439154946656588407e+01,3.449192156647865204e+01,3.470985524407146983e+01,3.485806607400586188e+01,3.496572328222581660e+01,nan,3.525547305018899635e+01,3.534526566941137560e+01,3.538253800952335126e+01,3.545394682752311155e+01,3.563012098403174832e+01,3.568940408823971921e+01,3.572106248372849535e+01,3.586632438433492354e+01,3.584897708858444787e+01,3.599896846997979338e+01,nan,3.599622679144775361e+01,3.604902878286819146e+01,3.612763309095072373e+01,3.610032516979899242e+01,3.624507956605192049e+01,3.621251287367869054e+01,3.624161465604579035e+01,3.628785649755095477e+01,3.635743609343055738e+01,3.637692603227851151e+01,3.647153119679327915e+01,3.648471004159291908e+01,3.651208507710319395e+01,3.652099513976285294e+01,3.654703647360293672e+01,3.657286734905135717e+01,3.659766752564642189e+01,3.667553874435235883e+01,3.654248582158548686e+01,3.656723464256175760e+01,3.659229258155696130e+01,3.661601063454097016e+01,3.667898372593614909e+01,3.674419039512648055e+01,3.679376381401711171e+01,3.684532464394810347e+01,3.690989540039978323e+01
1.583524648123807133e+01,1.443718281746306964e+01,1.444769437157446745e+01,1.325370820116511972e+01,1.330262389345522855e+01,1.336253690943444639e+01,1.351252475147222398e+01,1.367335580653580251e+01,1.371416240810598808e+01,1.389993408480374626e+01,1.396925960950687085e+01,1.399406355101447375e+01,1.815683355091147178e+01,nan,1.419456882590285218e+01,1.434310659807724164e+01,1.435741647473962601e+01,1.439757700350669367e+01,1.442750312899635645e+01,1.446073369356003191e+01,1.447129843118885084e+01,1.458056069053801096e+01,1.455422549879413552e+01,1.453947307319839055e+01,1.456597397850595321e+01,1.472416126869574171e+01,1.468172660520335882e+01,1.473264721030114366e+01,1.486500507110720193e+01,1.486023615850306356e+01,1.494000173763016903e+01,1.499315726485538747e+01,1.503986426064166793e+01,1.508924662291785701e+01,1.513586802228597428e+01,1.517916840622920915e+01,1.521040384118355071e+01,1.524796398247006834e+01,1.533539708573547067e+01,1.535000784857126988e+01,1.538515080208163965e+01,1.539882252640145666e+01,1.542013841231604054e+01,1.543359744789641397e+01,1.545587688636543433e+01,1.547776681585947500e+01,1.549933183607000053e+01,1.545734976753962009e+01,1.553171519571793979e+01,1.549585358720905859e+01,1.555406020512456067e+01,1.550625918002000958e+01,1.551276983710406476e+01,1.552249983499670094e+01,1.553013669233659755e+01,1.554792669820069406e+01,1.556983343777763906e+01,1.559137100122079467e+01,1.560601747573292641e+01,1.562766535797753065e+01
1.334176165798193558e+01,1.216304399227137978e+01,1.115849039859060809e+01,9.025094934702343252e+00,8.844194668389306457e+00,8.770232298597651521e+00,8.724790675511677307e+00,8.685390523829184417e+00,7.899368489798979986e+00,7.945728393419231317e+00,7.968661561320062425e+00,8.006660746662081607e+00,9.096882529362273928e+00,9.107526891867960828e+00,9.164381901564237154e+00,9.146460476440866572e+00,9.127293380024672942e+00,9.156107468025744822e+00,9.187402882266653137e+00,9.169272320854915392e+00,9.281237206028263742e+00,9.263863016782268645e+00,9.247665901292409174e+00,9.362051414529716453e+00,9.335146434141005756e+00,9.402433292826952282e+00,9.333857041382152886e+00,9.425556275872100542e+00,9.336226389658795810e+00,9.469374407321433651e+00,9.449924877434431991e+00,9.498361138931677772e+00,9.605356726088311703e+00,9.643465455182330004e+00,9.687285201966133741e+00,9.650820783313903917e+00,9.730522958796958832e+00,9.807656982967843717e+00,9.826232460357804399e+00,9.789738480437417678e+00,9.857819515959850065e+00,9.876360581560621910e+00,9.841908689229466489e+00,9.862390467570502750e+00,9.929200947699200697e+00,9.948259565989662434e+00,9.955044506874170196e+00,9.974474218612318310e+00,1.005843791108025087e+01,1.007317979227840610e+01,1.007052138084040571e+01,1.007253069084846331e+01,9.967607026669478287e+00,9.981904486289138845e+00,1.010466115816174515e+01,1.011907804646794240e+01,1.002567085980051864e+01,1.004281836981104092e+01,1.000091954962044838e+01,1.010840582311026203e+01
1.102301974124315009e+01,9.892032420994937070e+00,1.010401610869976707e+01,8.114250808426305639e+00,7.564608275293990935e+00,7.293480442108716488e+00,6.804293423910212191e+00,6.702553160310153579e+00,6.646636695196564304e+00,6.616183502118658133e+00,6.694797071624126517e+00,6.656719841779167979e+00,6.044017749285611529e+00,6.072430686709774150e+00,6.116522741361237969e+00,6.131474778304005113e+00,6.142902989492699639e+00,6.161917816645480883e+00,6.178800322031710479e+00,6.218271651440007375e+00,6.208363317427076922e+00,6.205710262216399542e+00,6.244708567988606518e+00,6.261933264249249120e+00,6.266047883595348367e+00,6.273402805016148776e+00,6.282272747828871573e+00,6.263852257986604499e+00,6.286276232651752061e+00,6.295091981001142756e+00,6.322960341574598075e+00,6.354901393433513235e+00,6.383961736515521679e+00,6.407547913977630571e+00,6.429952568396434032e+00,6.499744369631413221e+00,6.496210531807768973e+00,6.516610525755595518e+00,6.533901552870739593e+00,6.555503413107637734e+00,6.569377090153031062e+00,6.587241922331596555e+00,6.604579578093260572e+00,6.621323837674076174e+00,6.631757827682072559e+00,6.644130352427596975e+00,6.660494603859660856e+00,6.684572383050099376e+00,6.694614216857393885e+00,6.705037715217788019e+00,8.195981938871883088e+00,8.157977172874899097e+00,8.166163201040490094e+00,8.175074729689630004e+00,8.185614367072698627e+00,8.189539984094924563e+00,8.141507716489590152e+00,8.232958208725328575e+00,8.174666087486047061e+00,8.191075114816554148e+00
1.040443751595696753e+01,9.132790002653020878e+00,8.391459306832755871e+00,7.674535824565625219e+00,7.163484927459376372e+00,6.591336453206722901e+00,6.213946281531856464e+00,5.803702772835281465e+00,5.686476821120097114e+00,5.659871928860143342e+00,5.439895481509092967e+00,5.550161761216465095e+00,5.507578573716521042e+00,5.384709236368308893e+00,5.417644562209511960e+00,5.386828332318008172e+00,5.363082339122692943e+00,5.051836517148174721e+00,5.003830104132619638e+00,5.098595499087783978e+00,5.054338713181509846e+00,5.020752208784480253e+00,5.113793166794355471e+00,5.124419471299157536e+00,5.095809016216943377e+00,5.090486743788503077e+00,5.089235973431669002e+00,5.073044770579330454e+00,5.085479394604483616e+00,5.095563106366437722e+00,5.103562039130379091e+00,5.127761254988803863e+00,5.153779508727485137e+00,5.179318544773399147e+00,5.232850470304734714e+00,5.305892838446007787e+00,5.316438375538756311e+00,5.323989555763708026e+00,5.335247216415451632e+00,5.346922545057640974e+00,5.354352923896336769e+00,5.361109554054426241e+00,5.376987151269791099e+00,5.389179066335849200e+00,5.386017264195933407e+00,5.401859559253553655e+00,5.475990233344893987e+00,5.470035541759940223e+00,5.463547127900394429e+00,5.465204678404370853e+00,5.469308232892077015e+00,5.471778875498655381e+00,5.483984545508352682e+00,5.494215084160179785e+00,5.503069018777642540e+00,5.469889436904075808e+00,5.481685073911476636e+00,5.492926782706556210e+00,5.503545884811646971e+00,5.509348077696884616e+00
9.300735436976175663e+00,8.822984477790726032e+00,7.939699935278723864e+00,7.274568501379442331e+00,6.759573181917564177e+00,6.333327682520982549e+00,5.856327170676043359e+00,5.417159288055961142e+00,5.193067517190827154e+00,4.983012045218327302e+00,4.798117837646769246e+00,4.832918129853801759e+00,4.763911745891750371e+00,4.605666106341489652e+00,4.728400573897161507e+00,4.675486942741775565e+00,4.587099276500897105e+00,4.559369063826888890e+00,4.605982368542925087e+00,4.633528558178634071e+00,4.554770028752479050e+00,4.488735913874625894e+00,4.506290215387365627e+00,4.498089286401413034e+00,4.487142673562971140e+00,4.483154534396919466e+00,4.426067787215870020e+00,4.445681198436196802e+00,4.459975169831603026e+00,4.473954155798720578e+00,4.478661736069621924e+00,4.484235664563653856e+00,4.504294834283943061e+00,4.528766085807236053e+00,4.604167726703203734e+00,4.614727236562731427e+00,4.625969507711588768e+00,4.635225644946872059e+00,4.647041418971973314e+00,4.656650922217797195e+00,4.670676046594756770e+00,4.678966443623969518e+00,4.690804885679513703e+00,4.702616902175572378e+00,4.697884468467602659e+00,4.714145415456071575e+00,4.781494477517403752e+00,4.778665213732593564e+00,4.774871928753281480e+00,4.779305859841882054e+00,4.785007750152642458e+00,4.788365547563752322e+00,4.790412145410147815e+00,4.796444088426106589e+00,4.805732790004290322e+00,4.754134733172232785e+00,4.769228905179661915e+00,4.779063941429497753e+00,4.791434997628034154e+00,4.799962114596080909e+00
nan,7.967040118391556014e+00,7.646942682992820650e+00,6.959412060331580108e+00,6.474296550658664273e+00,6.047184102236671244e+00,5.605645453040278170e+00,5.234640542706006983e+00,5.061710231829534834e+00,4.843870071673920918e+00,4.652298263038314730e+00,4.488827675011806129e+00,4.347041827386803448e+00,4.280031975602770267e+00,4.316409305439137256e+00,4.338525463500563895e+00,4.187696355510798440e+00,4.270385570805428799e+00,4.197518780646769088e+00,4.248844565476919577e+00,4.148849737741731047e+00,4.187440541866079613e+00,4.264096630383297892e+00,4.216138672124049691e+00,4.192784749999088234e+00,4.160452153790897611e+00,4.014086524850589477e+00,4.032518399682853527e+00,4.045963958538675520e+00,4.055857373942192368e+00,4.063268393589734906e+00,4.068849720662402802e+00,4.074566261750981688e+00,4.165383111257378701e+00,4.171737612206877444e+00,4.182017988569281641e+00,4.193401095426515290e+00,4.203318318997311565e+00,4.215139158687513543e+00,4.227231948376198645e+00,4.239361869828526252e+00,4.247745902524435735e+00,4.259623621274561067e+00,4.272143651286791410e+00,4.270740587554834100e+00,4.286116171111961748e+00,4.344933436151521278e+00,4.343478211764307595e+00,4.342253327778535343e+00,4.344998434256574171e+00,4.351861085685019503e+00,4.358347573431024635e+00,4.363825655452041374e+00,4.368441335613271193e+00,4.317128572048597235e+00,4.332920376547367169e+00,4.344362968062505104e+00,4.357357369709578876e+00,4.368637658515478250e+00,4.375582577461752720e+00
nan,nan,7.039377211710418081e+00,6.784229592493896455e+00,6.263011272874607016e+00,5.837675057738190176e+00,5.408886279586583079e+00,4.711189686999942339e+00,4.618704045569730354e+00,4.701549398403265911e+00,4.503330296525918541e+00,4.376883775686509992e+00,4.241163484408225770e+00,4.192681869983332810e+00,4.072265589809399344e+00,3.987070043642059858e+00,3.880955912358766913e+00,3.942035801320399990e+00,3.952660962039160175e+00,3.891874998482359960e+00,3.938878301205965826e+00,3.976778504241782031e+00,3.967178833118558678e+00,3.875484375453228658e+00,3.848506493719273003e+00,3.829291437645405249e+00,3.853597198257772138e+00,3.846682677631904745e+00,3.830213582094764035e+00,3.816435358795881250e+00,3.732740327994585883e+00,3.737936806501432230e+00,3.742140342018817734e+00,3.842591032252825833e+00,3.847493169867122198e+00,3.861168720434075219e+00,4.137949097758037098e+00,3.882953338066642779e+00,3.894682848273303577e+00,3.906814746320552700e+00,3.919112386186763608e+00,3.927852117680206590e+00,3.939797895434280051e+00,3.938451945451919123e+00,3.956811880735820353e+00,4.027133079180900133e+00,4.019643554086078652e+00,4.021522223852779021e+00,4.020025507039597379e+00,4.024523702835930195e+00,4.030301771944417411e+00,4.036885255321632116e+00,4.039601771078561221e+00,4.046914493964312243e+00,4.000883370068666345e+00,4.015844554043690451e+00,4.025565188726163868e+00,4.038022055838835556e+00,4.049309200489977556e+00,4.059569314997177436e+00
nan,nan,nan,6.617380035008394223e+00,6.098533128188465824e+00,5.682661745363128958e+00,5.257892419721180488e+00,5.067532277383450356e+00,4.517216247095122483e+00,4.360951986781667955e+00,4.208871243223333281e+00,4.239858075533382120e+00,4.098226270335799448e+00,4.143257923031002044e+00,4.022873549525419534e+00,3.919971376989297429e+00,3.829759833245824918e+00,3.749669666761913156e+00,3.719162411239003596e+00,3.757060964087220789e+00,3.642454816916116833e+00,3.739193686207640255e+00,3.651796792470556774e+00,3.716415025828253782e+00,3.687138252620250523e+00,3.661555270965878073e+00,3.622473764950584041e+00,3.584566288343007834e+00,3.583521580823543662e+00,3.580561748320851390e+00,3.655044002791679070e+00,3.636757548818690289e+00,3.620730918530978837e+00,3.673027106295476241e+00,3.599511457324302555e+00,3.610553163659353082e+00,3.622414063767127601e+00,nan,3.644622586766125494e+00,3.656955570455266091e+00,3.668229151185658843e+00,3.678343244094775866e+00,3.690736022757514334e+00,3.694331900894311627e+00,3.711846405985750774e+00,3.777568678650396805e+00,3.773551000593133864e+00,3.773858284690486009e+00,3.777097143067113194e+00,3.780993248700644571e+00,3.784225768028826486e+00,3.790633260700523088e+00,3.793661998413858427e+00,3.801053279210539593e+00,3.756978840214996396e+00,3.771783343433910751e+00,3.781403344559022273e+00,3.755789119425876343e+00,3.804665062568919787e+00,3.814755387243996765e+00
nan,nan,nan,nan,5.968719761028179249e+00,5.554056259167319709e+00,5.137495154104783524e+00,5.028055657717505511e+00,4.808726150374664776e+00,4.588621902894471916e+00,4.410917806779131922e+00,4.284879456137716147e+00,3.980954314334660182e+00,4.102857411306180424e+00,3.983550495657596002e+00,3.881017426871851583e+00,3.791166852014936417e+00,3.712018814770491115e+00,3.695788189283752523e+00,3.583482374391765202e+00,3.456696249696947554e+00,3.475384006563825956e+00,3.556084122839622275e+00,3.471606787383967774e+00,3.514686526498004060e+00,3.442924431253008510e+00,3.458441734510506294e+00,3.454968683456209888e+00,3.448537460020644208e+00,3.440647300790403484e+00,3.432513498717246758e+00,3.423967964786543305e+00,3.415505436413940998e+00,3.462024365663477710e+00,3.462406400897802605e+00,3.468726717672811155e+00,3.478844999469550281e+00,3.490026338784257831e+00,3.499193934727464761e+00,3.467056144068562773e+00,3.479317319655712115e+00,3.491879696329015736e+00,3.502496163332014856e+00,3.500702557062737696e+00,3.517436705911116235e+00,3.580556204801836451e+00,3.577388465650508831e+00,3.578121632550200992e+00,3.581530710294491104e+00,3.582663652501246965e+00,3.588779554433177310e+00,3.595233782961420044e+00,3.603078423319736601e+00,3.606711122504882905e+00,3.563786560154830418e+00,3.578396941284072597e+00,3.591649898769930793e+00,3.599840698750286450e+00,3.610700190437174051e+00,3.620589423674381635e+00
nan,nan,nan,nan,nan,5.504002342988188801e+00,5.211229563425979094e+00,4.995933799157329602e+00,4.774819010725099844e+00,4.413975297130587450e+00,4.379891164862250719e+00,4.253876336904085065e+00,4.134924488356887196e+00,4.070206898469539425e+00,3.952237945484447401e+00,3.849967920603547977e+00,3.760534514335093004e+00,3.705232407984631049e+00,3.663064620990876374e+00,3.551260485031080716e+00,3.447966240435491603e+00,3.471531918766017633e+00,3.409538219902034761e+00,3.335415649545105943e+00,3.282621231554798236e+00,3.342271998208754091e+00,3.249663461499158856e+00,3.315813711979934908e+00,3.269790761313121408e+00,3.159634896723854780e+00,3.335773666466100629e+00,3.299183884130991284e+00,3.300555477437990604e+00,3.365296930562516664e+00,3.359475453062565897e+00,3.358493458958875522e+00,3.360582542630840663e+00,3.363836501132975165e+00,3.433585083214271805e+00,3.428538931276492008e+00,3.425886817731518263e+00,3.424523132739445419e+00,3.420761569468877106e+00,3.343725747842011486e+00,3.360416197126798288e+00,3.424719962880936386e+00,3.418367260359175930e+00,3.419581883846719794e+00,3.426216121773970613e+00,3.424948521950780034e+00,3.431057187963602928e+00,3.438011056135820809e+00,3.445443735892050441e+00,3.389965406564523498e+00,3.407846413014086195e+00,3.422106642861976411e+00,3.435182462301314743e+00,3.443164310188463695e+00,3.453840156971148101e+00,3.463580099314227390e+00
nan,nan,nan,nan,nan,nan,5.188219754522441995e+00,4.969706850136209830e+00,4.746788218357709255e+00,4.544789223750464124e+00,4.382294784172485969e+00,4.227776183539370791e+00,4.109011464786666679e+00,4.042379668866192155e+00,3.924815097131686858e+00,3.829069441523941464e+00,3.735732592575196964e+00,3.656811378718705541e+00,3.636210644183837548e+00,3.524133605416607917e+00,3.421237868794112735e+00,3.423029595400159941e+00,3.385923904378129734e+00,3.310268025810139569e+00,3.258016828290302591e+00,3.213273307974216397e+00,3.131474889052797472e+00,3.109024267029639077e+00,3.178870188750177128e+00,3.142545190596524485e+00,3.201962183191209732e+00,3.158523994129925683e+00,3.117722169261214926e+00,3.270522650737627934e+00,3.256732868047291340e+00,3.255566720670536540e+00,3.256522860782052220e+00,3.259307932917024253e+00,3.262898883786738313e+00,3.266580773741122545e+00,3.270086828129506351e+00,3.275674898838672355e+00,3.338392519599324260e+00,3.326890993204752789e+00,3.332660624085363565e+00,3.383163185969936038e+00,3.366392924525835717e+00,3.357634348269634916e+00,3.294216666996840459e+00,3.298093408601030063e+00,3.300118275392954992e+00,3.307444639941138576e+00,3.314850880576423631e+00,3.260913738804643636e+00,3.278468658337137409e+00,3.292569724324683200e+00,3.305375991402886626e+00,3.313368974071397410e+00,3.323915536758428324e+00,3.333508610656712889e+00
nan,nan,nan,nan,nan,nan,nan,4.951076520079691790e+00,4.723398879727333188e+00,4.521835204937787012e+00,4.332162679317754339e+00,4.205782177763968122e+00,4.087168348667953310e+00,4.021781018404974262e+00,3.903994542615916608e+00,3.799820848967212950e+00,3.713764685522941811e+00,3.576304529155322598e+00,3.586684952293153206e+00,3.501346211778916917e+00,3.398932372603002960e+00,3.403116544386845188e+00,3.365767054800165248e+00,3.289288912361813200e+00,3.237433759576495262e+00,3.192914432756411180e+00,3.112215053958955480e+00,3.089607823133951214e+00,3.065135276028887468e+00,3.039791066105489659e+00,3.107058028245499592e+00,3.074919799883174321e+00,3.067788041150133260e+00,3.176913040071795535e+00,3.131682571126808146e+00,3.103974339069898392e+00,3.178756944086331693e+00,3.179687600714872886e+00,3.181969057809451051e+00,3.182099992330466254e+00,3.185332737842904827e+00,3.189494084786481665e+00,3.193302298693424746e+00,3.184887249774651430e+00,3.195290525375829027e+00,3.250719476659541307e+00,3.297189775073026574e+00,3.287324167454002133e+00,3.280840505197236467e+00,3.276047378530663412e+00,3.269004331052974166e+00,3.267671423299010058e+00,3.205053511025548918e+00,3.157721006099653671e+00,3.169390461032980610e+00,3.183439201112630457e+00,3.196203844433063157e+00,3.204070108217484503e+00,3.214493409465822182e+00,3.139400042366856880e+00
nan,nan,nan,nan,nan,nan,nan,nan,4.706112195595130387e+00,4.502763535754445101e+00,4.313433221681112428e+00,4.186964684863292874e+00,4.068518798317608542e+00,4.002405279891799950e+00,3.885109357327874324e+00,3.759735648853403944e+00,3.695425926383888449e+00,3.559304062227358401e+00,3.568041692339989801e+00,3.454803655231082793e+00,3.355657665232693265e+00,3.386005618278463913e+00,3.348713844263877970e+00,3.271273638891038171e+00,3.219105669429144001e+00,3.175473885069779456e+00,3.095682181451242521e+00,3.072879542483507365e+00,nan,3.047097564981680495e+00,3.021664774193653535e+00,2.996499466161064440e+00,2.972050830626960405e+00,3.086500169868199084e+00,3.048110076075938757e+00,3.030219033588087640e+00,3.093127494361558316e+00,3.071208711029473903e+00,3.050706802790783989e+00,3.115912789907367753e+00,3.118607182781210074e+00,3.121351283930342557e+00,3.123947656097437076e+00,3.115204195722206748e+00,3.123786299930388033e+00,3.177211342700059227e+00,3.168859675027534628e+00,3.160428706804748522e+00,3.158382275384105320e+00,3.158645828077867090e+00,3.210363917822082414e+00,3.207365746948021901e+00,3.205318236418068345e+00,3.148461751917116302e+00,3.153172652553041022e+00,3.158963215588085127e+00,3.103086495136757161e+00,3.114324295348703142e+00,3.121069554158984793e+00,3.130479172089324358e+00
nan,nan,nan,nan,nan,nan,nan,nan,nan,4.431033494999556233e+00,4.297886653204232132e+00,4.170704258609730708e+00,4.054844863976417635e+00,3.985716250861315757e+00,3.868715433659226655e+00,3.868803021203447656e+00,3.679386293038945599e+00,3.544541850629253421e+00,3.550992649890077679e+00,3.440682701360786133e+00,3.338878016261072723e+00,3.371122768955798321e+00,3.318790744601891607e+00,3.255519378593958457e+00,3.174196902756300176e+00,3.100554967385144245e+00,3.081297389354980876e+00,3.082436218092757585e+00,3.057189095636061893e+00,3.032514588593190563e+00,3.006445679244340141e+00,2.981460784499937233e+00,2.957501010805525077e+00,2.984656686505582801e+00,2.950753996208081986e+00,2.937249691163815957e+00,3.006976729274667193e+00,2.992407940964850077e+00,2.979346715077706875e+00,2.964888640501664341e+00,nan,3.007112010905892419e+00,3.066439668677771735e+00,3.057124892348594969e+00,3.128937575526339110e+00,3.114531767080716662e+00,3.105915631441339642e+00,3.097145517918143298e+00,3.095179676139133917e+00,3.094670976698477460e+00,3.095400409741929870e+00,3.093064247505872721e+00,3.095179631894907857e+00,3.043219916159406235e+00,3.102166673977379219e+00,3.107167653576766497e+00,3.111306727637511038e+00,3.114654426076611138e+00,3.113854738501488750e+00,3.116076060643478751e+00
nan,nan,nan,nan,nan,nan,nan,nan,nan,nan,4.289276522641010558e+00,4.156997672873841587e+00,4.037958584196017497e+00,3.971025195185960754e+00,3.854438212956897924e+00,3.753618182624272936e+00,3.641206817864862000e+00,3.511910814583623530e+00,3.536021105990731606e+00,3.425763229743807869e+00,3.324397629697346090e+00,3.383062598414720679e+00,3.329575812739341778e+00,3.266673437489633791e+00,3.215550245088402370e+00,3.111654527583919361e+00,3.092567444642841501e+00,3.069989811607865882e+00,3.045248885575827735e+00,3.019844813105930115e+00,2.994305675352138874e+00,2.969206663030789173e+00,2.944656199323433476e+00,2.971378909910984412e+00,2.937648334367408687e+00,2.921869911483883975e+00,2.910580335107808558e+00,2.900512840690525174e+00,2.892426106456675416e+00,2.961935425080337136e+00,2.948633038928580419e+00,2.938338775455498819e+00,2.928138583863773015e+00,2.973585064728216931e+00,3.026164852684554596e+00,2.959993096110506094e+00,3.065441689007901260e+00,nan,3.043652773964539371e+00,3.039320389736538175e+00,3.041206946776239484e+00,3.037848022307111595e+00,3.040137373354189876e+00,2.988169822153898814e+00,2.999849613049313746e+00,3.004713008664207763e+00,3.012371150461214953e+00,3.019279614766634978e+00,3.069216418198154273e+00,3.070751454681532877e+00
nan,nan,nan,nan,nan,nan,nan,nan,nan,nan,nan,4.120552132613234164e+00,4.001612773748156826e+00,3.933365948301084547e+00,3.841726216513082548e+00,3.716664046709519553e+00,3.628810354700899854e+00,3.496844743554733626e+00,3.522696214112674529e+00,3.412721759185904702e+00,3.311214580421752540e+00,3.371612945366821101e+00,3.317094706391460868e+00,3.254658645363649683e+00,3.203723703116080124e+00,3.100691909912139277e+00,3.081462930707103531e+00,3.058621629266047748e+00,3.033991124974908082e+00,3.008496040830489271e+00,2.983050725317008656e+00,2.957907371833826904e+00,2.933413042440267127e+00,2.959700187311447017e+00,2.925988745606501684e+00,2.908315251958397241e+00,2.896970411790639410e+00,2.887683462635976639e+00,2.879598769926114965e+00,2.872713794671765797e+00,2.863682406115325207e+00,2.857910818465867031e+00,2.922746022381418562e+00,2.904787047503989861e+00,2.960049960221211141e+00,2.935620607343862432e+00,2.979248479027265528e+00,2.959109986131358561e+00,2.937658282269973942e+00,2.994041738299175748e+00,2.994353999045398673e+00,2.991250031479674831e+00,2.992580260026104888e+00,2.941017060582213460e+00,2.952464182203425658e+00,2.956956901291634132e+00,2.964177230824497578e+00,2.970489042568165594e+00,2.977274154880725554e+00,2.977574919893882566e+00
nan,nan,nan,nan,nan,nan,nan,nan,nan,nan,nan,nan,3.994069711960042124e+00,3.922179587774300646e+00,3.805735675018936615e+00,3.705490161853672859e+00,3.617951807731892622e+00,3.486786879215942214e+00,3.510897769725152884e+00,3.401070362534309055e+00,3.299774048498242962e+00,3.361245542163528555e+00,3.306011183565459977e+00,3.243847320176879379e+00,3.193194533300424354e+00,3.090957014638094691e+00,3.071508146070343948e+00,3.048537368906993450e+00,3.022435469358055293e+00,2.998540863933401024e+00,2.973032921186653077e+00,2.947868417782643746e+00,2.923405586470347206e+00,2.949288337344978750e+00,2.915685061823624302e+00,2.896184324705409985e+00,2.886038821705727564e+00,2.878078934092788366e+00,2.867868912424771821e+00,2.860659383412351264e+00,2.851855142421893419e+00,2.846094906368179078e+00,2.825361770521044313e+00,2.827664028236015703e+00,2.884367743552595620e+00,2.930436344732497034e+00,2.911808358524895723e+00,2.896919499786970498e+00,2.881018059766091710e+00,2.930209156636575329e+00,2.916661972857054863e+00,2.904369281893607102e+00,2.951280125860922254e+00,2.900057466207653256e+00,2.911575087529763461e+00,2.915486140026579687e+00,2.922351328016181693e+00,2.928245409571970992e+00,2.933481295707132119e+00,2.934819325005022961e+00
nan,nan,nan,nan,nan,nan,nan,nan,nan,nan,nan,nan,nan,3.915005679652856507e+00,3.796080837271407216e+00,3.695489501793419507e+00,3.608093118036696634e+00,3.477738953848398040e+00,3.525565794267049302e+00,3.414825056227961397e+00,3.312770438298338505e+00,3.352138412242272381e+00,3.296142015065004038e+00,3.233464155785489069e+00,3.183760674693810966e+00,3.082206504612644338e+00,3.062647736245243557e+00,3.039750359963714565e+00,3.015113665225054973e+00,2.989588046297037671e+00,2.963916158825290026e+00,nan,2.911647560860177286e+00,2.939989975013427070e+00,2.906446159432009235e+00,2.885306279259304496e+00,2.875220821980354113e+00,2.865065845259156418e+00,2.857016985412181409e+00,2.850207788986099722e+00,2.844025116215808779e+00,2.835713270329480729e+00,2.815139780183408380e+00,2.817479213627297696e+00,2.873384779715933313e+00,2.853204824003081619e+00,2.838063199426187566e+00,2.892581625395008071e+00,2.876740687691479170e+00,2.866543002238151505e+00,2.857793977344918357e+00,2.850147945889634826e+00,2.896003544997324930e+00,2.832813047637869897e+00,2.831458891074801532e+00,2.883541325556592483e+00,2.886118065251798814e+00,2.891772810882788036e+00,2.896602225331478486e+00,2.897422855037283362e+00
nan,nan,nan,nan,nan,nan,nan,nan,nan,nan,nan,nan,nan,nan,3.788741856292139332e+00,3.686908041826724602e+00,3.599554407321945870e+00,3.469451641495771010e+00,3.515705236383614540e+00,3.404823122634845767e+00,3.303521858081504448e+00,3.343880532858691801e+00,3.286742718549864772e+00,3.225506791427784847e+00,3.175212491109987489e+00,3.074345494655212896e+00,3.054657276398054844e+00,3.031665135211179418e+00,3.006927431070282708e+00,2.981376297963873157e+00,2.955959343979187359e+00,nan,2.968929308795527966e+00,2.931674755857403447e+00,2.898120194791451887e+00,2.875567747634735660e+00,2.865617508441682837e+00,2.855463218625674315e+00,2.847431207618683846e+00,2.840530269792366447e+00,2.834523145401733224e+00,2.826240421157225402e+00,2.806126355305862408e+00,2.808315221305884180e+00,2.866799849804441802e+00,2.843374973334083844e+00,2.828482365976353829e+00,2.817184459851749256e+00,2.804811366895005431e+00,2.797809436566176977e+00,2.854057878933529580e+00,2.846455858593231802e+00,2.835479303244309079e+00,2.777168338827738836e+00,2.779850063629631940e+00,2.834087176121329321e+00,2.825091504985106639e+00,2.819903370220504080e+00,2.864494527308882876e+00,2.868260042649192876e+00
nan,nan,nan,nan,nan,nan,nan,nan,nan,nan,nan,nan,nan,nan,3.779792780685576226e+00,3.678510946641612822e+00,3.590649167394963648e+00,3.461913428733619735e+00,3.506990636732165711e+00,3.396414568407021939e+00,3.295047688543076170e+00,3.336385028147288434e+00,3.279124957972137544e+00,3.217785874860457973e+00,3.167591749067531381e+00,3.067183828303167381e+00,3.047411652824744355e+00,3.024410246271355351e+00,2.999595426465061720e+00,2.974084160169555346e+00,nan,2.923587914111567265e+00,2.961225937636376315e+00,2.925943162914166784e+00,2.890851722759059328e+00,2.866832870918955223e+00,2.856755715567475207e+00,2.846756025703076620e+00,2.838810060702796179e+00,2.831906214008093059e+00,2.825899339420068213e+00,2.817657385890130595e+00,2.797899628835325281e+00,2.799887324541538547e+00,2.857751091828100165e+00,2.836236117007648883e+00,2.819856543967676821e+00,2.808705779669206759e+00,2.800150378606149459e+00,2.789353004606646813e+00,2.783701701760921132e+00,2.779037917181243156e+00,2.774968301670870385e+00,2.774244414952109494e+00,2.776676414016941319e+00,2.776746400045039920e+00,2.771902525697478303e+00,2.770019179040644985e+00,2.819840619891244238e+00,2.813377658182597774e+00
nan,nan,nan,nan,nan,nan,nan,nan,nan,nan,nan,nan,nan,nan,nan,3.672215214649807713e+00,3.607794931519074932e+00,3.455214757852262508e+00,3.499235577358204008e+00,3.389063033631440014e+00,3.288130193965930204e+00,3.328988267239876730e+00,3.271775801311982868e+00,3.210201522368478333e+00,3.160535564531898878e+00,3.060673533532840551e+00,3.040813564043411077e+00,3.017722730634686990e+00,2.991328287731620961e+00,2.967414822944734354e+00,2.941924533070481296e+00,2.915477191357791042e+00,2.955564996555358981e+00,2.917119643232207959e+00,2.883690880143629620e+00,2.858678034156460157e+00,2.848766450087515167e+00,2.840191303097904019e+00,2.830863560237002474e+00,2.824024449775200729e+00,2.818096886222595909e+00,2.812871468558485688e+00,2.790391202342782151e+00,2.792301862439142912e+00,2.849436717446411915e+00,2.826273332108579783e+00,2.811825947856850583e+00,2.800785000086768228e+00,2.792350254864475190e+00,2.781637102191178990e+00,2.776136429363643021e+00,2.771401096224707317e+00,2.767354258123043920e+00,2.708442730126558118e+00,2.713662129928713362e+00,2.716050662395986137e+00,2.772978598547087614e+00,2.767405106321507269e+00,2.765015592235829267e+00,2.762051507791150051e+00
nan,nan,nan,nan,nan,nan,nan,nan,nan,nan,nan,nan,nan,nan,nan,nan,3.593127771300938633e+00,3.472537602392855582e+00,3.491542818463589271e+00,3.381834715554341564e+00,3.280179341429859008e+00,3.322722492230897551e+00,3.265058041297320024e+00,3.204065661740601811e+00,3.154162261071598472e+00,3.054701899879255667e+00,3.034770896981125787e+00,3.011632342798797879e+00,2.986801035022915496e+00,2.959745356571521491e+00,2.934353740310796876e+00,2.910704758407788972e+00,2.949215865168325568e+00,2.910738704874158422e+00,2.877419902591216605e+00,2.851293419087479464e+00,2.841464635213605039e+00,2.832951501899380276e+00,2.823676787276452327e+00,2.816909011796774109e+00,2.810830547161926596e+00,2.805659029091166268e+00,2.783468490752790903e+00,2.785312754453221906e+00,2.841848215035525982e+00,2.822596707839076124e+00,2.804523040763601927e+00,2.793672084630403507e+00,2.785236698095918229e+00,2.774548067243856053e+00,2.768999891976096528e+00,2.764361560095569992e+00,2.760375667546520972e+00,2.701842774108177636e+00,2.706980195866182548e+00,2.709614737104548254e+00,2.710811027537383566e+00,2.707629003044446758e+00,2.707537955607127511e+00,2.759503390275517276e+00
nan,nan,nan,nan,nan,nan,nan,nan,nan,nan,nan,nan,nan,nan,nan,nan,nan,3.458775781866317622e+00,3.485594671407919343e+00,3.375011153063383063e+00,3.273665134584891945e+00,3.317021876470505504e+00,3.258883212148260711e+00,3.198062286468397630e+00,3.148051092853329180e+00,3.049212837786065222e+00,3.029231702680356797e+00,nan,2.981182572973853695e+00,2.955667721372976509e+00,2.930188251118742482e+00,2.905106780030609848e+00,2.943274876449500255e+00,2.905006251894628022e+00,2.871627796963050816e+00,2.844571375777779743e+00,2.834783155236181074e+00,2.826226517292247387e+00,2.817631510551353191e+00,2.810302580136125883e+00,2.804273051203483025e+00,2.799093685389385744e+00,2.777171260162214939e+00,2.778930876341251022e+00,2.834833657949413777e+00,2.813626420314561116e+00,2.797843337905550953e+00,2.787016885867154237e+00,2.778785916832522851e+00,2.772084799389195275e+00,2.762524855096696541e+00,2.757936294950514622e+00,2.754018982398852788e+00,2.699935132441291685e+00,2.700797268379741212e+00,2.703242046445813784e+00,2.704537456665789819e+00,2.701419817485859465e+00,2.701250840454611613e+00,2.700619039994620607e+00
nan,nan,nan,nan,nan,nan,nan,nan,nan,nan,nan,nan,nan,nan,nan,nan,nan,nan,3.480418466740680117e+00,3.369227124651316352e+00,3.267567964553622417e+00,3.311724860426001449e+00,3.253223527697775452e+00,3.192082758744203552e+00,3.142665579991208880e+00,3.044123856377336956e+00,3.024080847338378675e+00,nan,2.975783302931054308e+00,2.950440314662267305e+00,2.924986303700190415e+00,2.899889440321183454e+00,2.937848681429325204e+00,2.897525970673379803e+00,2.866182728234392574e+00,2.838346685411147430e+00,2.828520169769285442e+00,2.820138537398633183e+00,2.812801230786493356e+00,2.804121506160293542e+00,2.798292576786742369e+00,2.793081714114224567e+00,2.772166626537396539e+00,2.773054132983667763e+00,2.828528501060645794e+00,2.809584783509741612e+00,2.791742601455532657e+00,2.780900975440149026e+00,2.772607876095005253e+00,2.766129365847231014e+00,2.756618368649090378e+00,2.752062888507812666e+00,2.748110091783130038e+00,2.694329504815846654e+00,2.695237421423854141e+00,2.697558460655831603e+00,2.698846646938938498e+00,2.699415834974342232e+00,2.695523006554144452e+00,2.694807607865736365e+00
nan,nan,nan,nan,nan,nan,nan,nan,nan,nan,nan,nan,nan,nan,nan,nan,nan,nan,nan,3.364674998869292999e+00,3.345125196004649304e+00,3.307376657328751079e+00,3.246377242999481716e+00,3.186830683582425827e+00,3.137658023165180055e+00,3.039446761137180708e+00,3.019343858666164948e+00,2.996091797995558359e+00,2.971193115473569790e+00,2.945675084496055085e+00,2.920178465026754822e+00,2.895093414510577112e+00,2.932847800905596714e+00,2.894558216241458481e+00,2.861304290100091130e+00,2.832669558642801455e+00,2.822793144603245263e+00,nan,2.807156465594876416e+00,2.798539152954203413e+00,2.792620232958134885e+00,2.787454824733596848e+00,2.769065767404834677e+00,2.767614219352426908e+00,2.822585390273529171e+00,2.804070995628310747e+00,2.789876653777082272e+00,2.775248544827001673e+00,2.767038681707903347e+00,2.760662491643930849e+00,2.751154333681086861e+00,2.746561758366317552e+00,2.742665176629527579e+00,2.689182434054019133e+00,2.690051463785670727e+00,2.692328414779122880e+00,2.693605065779652197e+00,2.694101925971525091e+00,2.690213130414504494e+00,2.689505980039166744e+00
nan,nan,nan,nan,nan,nan,nan,nan,nan,nan,nan,nan,nan,nan,nan,nan,nan,nan,nan,nan,3.338760741518686626e+00,3.302917507926352414e+00,3.242994007600474404e+00,3.182486085883724058e+00,3.132962850326145521e+00,3.035091032948277423e+00,nan,2.991465868959646279e+00,nan,2.941203550686699142e+00,2.915714319154882439e+00,2.890654780838245674e+00,2.928179837813361885e+00,2.889893021645272064e+00,2.856842957713905840e+00,2.827295169117157947e+00,2.817524315689251768e+00,2.809151621424382572e+00,2.801987672528713613e+00,2.793292757491906642e+00,2.787259045453300388e+00,2.782421746008476582e+00,2.764109567553651559e+00,2.762586982556508808e+00,2.817152996495518202e+00,2.798382401323538993e+00,2.784699248549364015e+00,2.770127107818607382e+00,2.761949885556313156e+00,2.755464067986336474e+00,2.750249386389988171e+00,2.741493053280301240e+00,2.737600487805784688e+00,2.684323498413003772e+00,2.689485081212960260e+00,2.687484868386742498e+00,2.688705364934866893e+00,2.689177306525622146e+00,2.685278024240850936e+00,2.684493621635047678e+00
nan,nan,nan,nan,nan,nan,nan,nan,nan,nan,nan,nan,nan,nan,nan,nan,nan,nan,nan,nan,nan,3.282898168358532764e+00,3.238576159223648609e+00,3.178156144695204244e+00,3.128588451483141242e+00,3.031020127099233186e+00,3.010810084919810947e+00,2.987520821802735149e+00,2.962623939429853692e+00,2.937086534501343493e+00,2.911592281333782672e+00,2.886475240984609947e+00,2.923842336560808164e+00,2.885673136931255378e+00,2.852534630495156875e+00,2.822315143753176159e+00,2.812618163519870151e+00,2.804092398249220963e+00,nan,2.790866370747866476e+00,2.782676519165903084e+00,2.777508338880173788e+00,2.759352333542262947e+00,2.757853615490050370e+00,2.812035442940459706e+00,2.793464035193659711e+00,2.779700154503131238e+00,2.765275601292865204e+00,2.757212944026315782e+00,2.750724853081787824e+00,2.745474274700733019e+00,2.736797230840768869e+00,2.732892946163189674e+00,2.679870467775114840e+00,2.684962750788912000e+00,2.683008994496740574e+00,2.684180819547965946e+00,2.684573946091653784e+00,2.684350194492413522e+00,2.679931930717118327e+00
nan,nan,nan,nan,nan,nan,nan,nan,nan,nan,nan,nan,nan,nan,nan,nan,nan,nan,nan,nan,nan,nan,3.235100824871419256e+00,3.174202189152591558e+00,3.124544627443958777e+00,nan,3.006987029722362870e+00,2.983663709370651951e+00,2.958723154892392238e+00,2.933204035651718389e+00,2.907672893132552172e+00,2.882649604360966844e+00,2.919776825247927921e+00,2.881655215416496496e+00,2.848620308325561901e+00,2.818397503564733508e+00,2.807967022799338075e+00,2.799608391780776806e+00,2.792444567180261572e+00,2.786226868309944038e+00,2.778110588896572253e+00,2.772869995271452837e+00,2.755083802248869063e+00,2.756970070211620438e+00,2.807287539611567073e+00,2.788790496257574247e+00,2.775086396865322769e+00,2.764837746848400890e+00,2.753094227907988412e+00,2.746272054798731155e+00,2.741163408284397640e+00,2.732366754867461722e+00,2.668394643232060659e+00,2.675631161451957230e+00,2.680794017849303046e+00,2.678672090561298180e+00,2.679924905035180771e+00,2.680294409891835095e+00,2.680029518330364180e+00,2.675623314739787428e+00
nan,nan,nan,nan,nan,nan,nan,nan,nan,nan,nan,nan,nan,nan,nan,nan,nan,nan,nan,nan,nan,nan,nan,3.171052973785561946e+00,nan,3.023686323804857246e+00,3.003381177691891502e+00,2.979820846521807454e+00,2.955125448345702566e+00,2.929581875828065840e+00,2.904032998335041249e+00,2.878980591336994355e+00,2.916029973726653068e+00,2.877938034069948525e+00,2.844816400495409070e+00,2.814781190477404493e+00,nan,2.795393761135088084e+00,2.788149584354064459e+00,2.781943439025306830e+00,2.773824249996887481e+00,2.768844833910364400e+00,2.751015615037774253e+00,2.752800092033103496e+00,2.802861693147796984e+00,2.784156827890585273e+00,2.770767434676059349e+00,2.760431706968832444e+00,2.748483573922332113e+00,2.742146118129360932e+00,2.736928192814285232e+00,2.732591035773831223e+00,2.664521408201577124e+00,2.671751686514166391e+00,2.676845528978373245e+00,2.678816724715434638e+00,2.675971737583262122e+00,2.676312722939563127e+00,2.675992211738719373e+00,2.671588199921248297e+00
nan,nan,nan,nan,nan,nan,nan,nan,nan,nan,nan,nan,nan,nan,nan,nan,nan,nan,nan,nan,nan,nan,nan,nan,nan,3.020386111025667120e+00,3.000022481766425386e+00,2.976687990245033166e+00,2.951701853182128410e+00,2.926188204964184081e+00,2.900689540052899584e+00,2.875617368746639979e+00,2.897907921758460681e+00,2.874314743276112694e+00,2.841404077801120920e+00,2.811221385092579794e+00,2.800337371359263638e+00,2.791351913290611719e+00,2.784155293836422018e+00,2.778051713099527920e+00,2.770464219286308705e+00,2.764819740602924902e+00,2.747276936622049526e+00,2.748995711716545554e+00,2.798742188662492136e+00,2.780175427881162786e+00,2.766773590434979280e+00,2.756679148784797917e+00,2.744827002915680492e+00,2.738223448547776773e+00,2.733482063933840855e+00,2.728798760052573602e+00,2.660906280044523342e+00,2.668080053872059487e+00,2.673189827180333378e+00,2.675299392006441401e+00,2.672165893972073825e+00,2.672574612583911158e+00,2.672157461309032200e+00,2.671441729913700769e+00
nan,nan,nan,nan,nan,nan,nan,nan,nan,nan,nan,nan,nan,nan,nan,nan,nan,nan,nan,nan,nan,nan,nan,nan,nan,3.017987448767388337e+00,2.996798492402148018e+00,2.973473990541789291e+00,2.948515976910811354e+00,2.922949100665483080e+00,2.897421711658719534e+00,2.872417126742628390e+00,2.895092116969253393e+00,2.871175350167904039e+00,2.838096671009950001e+00,2.808083854702056570e+00,2.796557089029404253e+00,2.787513248815133515e+00,2.780430187988828905e+00,2.774208262867193131e+00,2.769037265695102334e+00,2.761130017438013340e+00,2.745164633609619820e+00,2.745549756478616210e+00,2.784740977299046349e+00,2.776583430140329600e+00,2.763006427581476743e+00,2.752960255631485609e+00,2.740602988279811747e+00,2.734609700299545310e+00,2.729383905445179614e+00,2.725127148019176104e+00,2.657482577274992597e+00,2.664640547133664050e+00,2.669726756503083109e+00,2.671736904357848719e+00,2.668679485166098431e+00,2.668986579113701740e+00,2.668681664677009291e+00,2.667874264600645251e+00
nan,nan,nan,nan,nan,nan,nan,nan,nan,nan,nan,nan,nan,nan,nan,nan,nan,nan,nan,nan,nan,nan,nan,nan,nan,nan,2.994707514222263445e+00,2.970784793432799997e+00,2.945476546301956322e+00,2.919917181953501473e+00,2.894462599084123067e+00,2.869384567960051591e+00,2.905988312973370569e+00,2.867967441557346397e+00,2.834997734163163585e+00,2.804959048005122746e+00,2.792927361875165104e+00,2.784014904698683068e+00,2.776970740501756296e+00,2.770730252954950235e+00,2.765271057515208852e+00,2.757926301403131220e+00,2.740225226704849248e+00,2.741991848687915567e+00,2.795174195793077132e+00,2.772934919632363826e+00,2.759499143038300240e+00,2.749458453198688090e+00,2.741721477255809170e+00,2.731156650927906604e+00,2.725890598690527522e+00,2.721777121437573221e+00,2.658754615819255207e+00,2.661425539033771770e+00,2.666480978303885419e+00,2.668476670118134830e+00,2.665429673957493861e+00,2.665688951290781983e+00,2.665361871940093330e+00,2.664514600924849042e+00
nan,nan,nan,nan,nan,nan,nan,nan,nan,nan,nan,nan,nan,nan,nan,nan,nan,nan,nan,nan,nan,nan,nan,nan,nan,nan,nan,2.968492863642337554e+00,2.942750010363084368e+00,2.917078381330363790e+00,2.891562902377698308e+00,2.866582978233608969e+00,2.902906567572522079e+00,2.865042548244184140e+00,2.832078934036291074e+00,2.802109930274402139e+00,2.789556506417657289e+00,2.781978765618807969e+00,2.773449962034108207e+00,2.767354335178195068e+00,2.762086672663936593e+00,2.754373453438813346e+00,2.737075043630924132e+00,2.738574679622799657e+00,2.791322548902936518e+00,2.771198495568392595e+00,2.756392776721006577e+00,2.746154844677687556e+00,2.738456487476790713e+00,2.727842080697589378e+00,2.722737931685020651e+00,2.718524632515388895e+00,2.655719803363894904e+00,2.658383846376332738e+00,2.661341450266806241e+00,2.665417290416315588e+00,2.666444211226598249e+00,2.662557234489997704e+00,2.662223264703842851e+00,2.661336935627226286e+00
nan,nan,nan,nan,nan,nan,nan,nan,nan,nan,nan,nan,nan,nan,nan,nan,nan,nan,nan,nan,nan,nan,nan,nan,nan,nan,nan,nan,2.940710677891176239e+00,2.914492337262353239e+00,2.888891736854126702e+00,2.863879665926482243e+00,2.900237142372459331e+00,2.862251787040721140e+00,2.829421409580449964e+00,2.799408197061234560e+00,2.786342915883766480e+00,2.778744548754617405e+00,2.770384461676471233e+00,2.764183925645614437e+00,2.759016023783575022e+00,2.754436916629378729e+00,2.734082499793750731e+00,2.735656588599652217e+00,2.788145680940866455e+00,2.770615414664240106e+00,2.753116684661551794e+00,2.743026107450754925e+00,2.735349475114335238e+00,2.724921469450158451e+00,2.719708280989129534e+00,2.715487356516286255e+00,2.652818188686117740e+00,2.655477165044044519e+00,2.660550782667908010e+00,2.662463802774548416e+00,2.663484690892474749e+00,2.659604006959013667e+00,2.659240580077306682e+00,2.658355061633860483e+00
nan,nan,nan,nan,nan,nan,nan,nan,nan,nan,nan,nan,nan,nan,nan,nan,nan,nan,nan,nan,nan,nan,nan,nan,nan,nan,nan,nan,nan,2.912628307758012625e+00,2.886536456006894014e+00,2.861344036551024761e+00,2.897539176925042703e+00,2.859654316098568572e+00,2.826781336302275349e+00,2.796920602671409739e+00,2.783274393582625184e+00,2.775813717585803531e+00,2.767421323118430365e+00,2.761307992898018426e+00,2.756095509256818232e+00,2.751490572663494838e+00,2.731203847457522205e+00,2.732867955143338357e+00,2.785077812797702279e+00,2.767579912784934315e+00,2.750071937086208784e+00,2.740225088561437428e+00,2.732417858214994055e+00,2.726497390597878656e+00,2.716900349436358830e+00,2.712639621950621027e+00,2.650109022259933500e+00,2.657427019876266172e+00,2.657732787101414917e+00,2.659717980715107011e+00,2.660727778230056018e+00,2.656740028256153074e+00,2.656408748144799770e+00,2.655496638653655594e+00
nan,nan,nan,nan,nan,nan,nan,nan,nan,nan,nan,nan,nan,nan,nan,nan,nan,nan,nan,nan,nan,nan,nan,nan,nan,nan,nan,nan,nan,nan,2.884657325946205830e+00,2.858970762388059583e+00,2.895047334118530991e+00,2.857150254575078208e+00,2.824298311184024080e+00,2.794330954546275336e+00,2.780381812941583597e+00,2.772896299044108837e+00,2.764564626231749145e+00,2.758445296274132374e+00,2.753298206270395454e+00,2.748677062576346586e+00,2.728464662362132920e+00,2.730073828999412200e+00,2.782091499327862039e+00,2.764472242024013759e+00,2.747199974831607605e+00,2.737324388986481782e+00,2.729673236459787766e+00,2.723742589456063179e+00,2.714168957318484843e+00,2.709895741073911068e+00,2.647557085218008144e+00,2.654817512261338663e+00,2.655190364474223408e+00,2.657086867094471394e+00,2.658232506708865905e+00,2.658247991175184843e+00,2.653728957516606535e+00,2.652796328191374453e+00
nan,nan,nan,nan,nan,nan,nan,nan,nan,nan,nan,nan,nan,nan,nan,nan,nan,nan,nan,nan,nan,nan,nan,nan,nan,nan,nan,nan,nan,nan,nan,2.857329878552403279e+00,2.892691890536054355e+00,2.854912776998567381e+00,2.821929261191677973e+00,2.782129125288041571e+00,2.777676424915988207e+00,2.770173256972398246e+00,2.763976966795481438e+00,2.754763453047019972e+00,2.750625559622575267e+00,2.745881057589841134e+00,2.729469691364537098e+00,2.727628513721904291e+00,2.779332956993543213e+00,2.761980203932528077e+00,2.748961858654066504e+00,2.734557949804772736e+00,2.727056170887031339e+00,2.721055163739948046e+00,2.711596936401623026e+00,2.707330232245014567e+00,2.645125924763215508e+00,2.652348491479342485e+00,2.652746631933155630e+00,2.654615814326073409e+00,2.655562232441037729e+00,2.655679647804478627e+00,2.651192461153662361e+00,2.650226865762434159e+00
nan,nan,nan,nan,nan,nan,nan,nan,nan,nan,nan,nan,nan,nan,nan,nan,nan,nan,nan,nan,nan,nan,nan,nan,nan,nan,nan,nan,nan,nan,nan,nan,2.891096240096191483e+00,2.852598425364129220e+00,2.819849578108874599e+00,2.789782352306641400e+00,2.775125400155957323e+00,2.767593791059621111e+00,2.761218414668198839e+00,2.753250389121170372e+00,2.748061224414231507e+00,2.743546087100441788e+00,2.727038503423957927e+00,2.725065073717840569e+00,2.776646770267811704e+00,2.759114188275757940e+00,2.746402384635205252e+00,2.732143480172105399e+00,2.724555865329417070e+00,2.718617623803108785e+00,2.713805072770066218e+00,2.704976870432049374e+00,2.642805744374321808e+00,2.650001934888812194e+00,2.655099475027694833e+00,2.652178098665250783e+00,2.653151839170539095e+00,2.653339894117858755e+00,2.648754850838372921e+00,2.647783914051858645e+00
nan,nan,nan,nan,nan,nan,nan,nan,nan,nan,nan,nan,nan,nan,nan,nan,nan,nan,nan,nan,nan,nan,nan,nan,nan,nan,nan,nan,nan,nan,nan,nan,nan,2.850605611031614472e+00,2.817643550516750750e+00,2.787693502580773419e+00,2.772651636803673547e+00,2.765203001470801780e+00,2.758815216915788682e+00,2.750441111668702199e+00,2.745691953944639163e+00,2.741114462772780147e+00,2.724841140438472031e+00,2.722793996445963316e+00,2.774233280922642653e+00,2.756609191047092899e+00,2.743885386273442251e+00,2.729717222229392171e+00,2.722196517755631540e+00,2.716260329513561445e+00,2.711464081179206786e+00,2.702522843781782758e+00,2.640590130836500737e+00,2.647814766579466017e+00,2.652911579121850050e+00,2.649418848376261515e+00,2.650870847356133542e+00,2.649971489844796135e+00,2.650520181486742288e+00,2.645457611370276574e+00
nan,nan,nan,nan,nan,nan,nan,nan,nan,nan,nan,nan,nan,nan,nan,nan,nan,nan,nan,nan,nan,nan,nan,nan,nan,nan,nan,nan,nan,nan,nan,nan,nan,nan,nan,2.786296604161298873e+00,2.770355514555175258e+00,2.762827496676328209e+00,2.756683322550703696e+00,2.751124855179273965e+00,2.743391239258022196e+00,2.738809078433503963e+00,2.722482219015660121e+00,2.724499572671073899e+00,2.771855601894737120e+00,2.752939762114960054e+00,2.741478109037186695e+00,2.732116296514101705e+00,2.719949457998999343e+00,2.714019878212052816e+00,2.709208845621928763e+00,2.700357170455914613e+00,2.638468109096875125e+00,2.645668636707313226e+00,2.650778879671086052e+00,2.647771327114666118e+00,2.648633280857427330e+00,2.648754215453211991e+00,2.648307568005150436e+00,2.643230875341845199e+00
nan,nan,nan,nan,nan,nan,nan,nan,nan,nan,nan,nan,nan,nan,nan,nan,nan,nan,nan,nan,nan,nan,nan,nan,nan,nan,nan,nan,nan,nan,nan,nan,nan,nan,nan,nan,2.768665024902614569e+00,2.760639617263850987e+00,2.754216203202579649e+00,2.748957669646786339e+00,2.741282772244205468e+00,2.736622244744918220e+00,2.720426877260198939e+00,2.722444351659110140e+00,2.769431138040225893e+00,2.752157793158445553e+00,2.739478147935790808e+00,2.729966745517790727e+00,2.717798452227198069e+00,2.711833338096785173e+00,2.707118155803033499e+00,2.703151939023150874e+00,2.636494209779423947e+00,2.643688792755759742e+00,2.648822386376087579e+00,2.650460573963370869e+00,2.646512906431154999e+00,2.646664740124242243e+00,2.646202510110054806e+00,2.641111812986822294e+00
nan,nan,nan,nan,nan,nan,nan,nan,nan,nan,nan,nan,nan,nan,nan,nan,nan,nan,nan,nan,nan,nan,nan,nan,nan,nan,nan,nan,nan,nan,nan,nan,nan,nan,nan,nan,nan,2.759061526408589593e+00,2.752162970447908030e+00,2.746773361759721421e+00,2.739146558270912024e+00,2.734574133723854494e+00,2.718350291290811960e+00,2.720277742734709570e+00,2.767345022959204037e+00,2.749717597435498817e+00,2.737317750061904142e+00,2.727918017762263503e+00,2.715715636866740113e+00,2.709822497975472366e+00,2.705069787942245174e+00,2.701084839299210394e+00,2.634568756801858314e+00,2.641733655040690465e+00,2.646659569839785231e+00,2.648547000797487616e+00,2.644676110773129363e+00,2.644652524094526225e+00,2.644161468469253151e+00,2.643127195490349024e+00
nan,nan,nan,nan,nan,nan,nan,nan,nan,nan,nan,nan,nan,nan,nan,nan,nan,nan,nan,nan,nan,nan,nan,nan,nan,nan,nan,nan,nan,nan,nan,nan,nan,nan,nan,nan,nan,nan,2.752097780224298074e+00,2.744786909951274279e+00,2.740051923405553591e+00,2.732566329040268194e+00,2.716568502550559927e+00,2.718441244627132214e+00,2.769608772094335869e+00,2.747828794468608837e+00,2.735375873623856258e+00,2.725845000536336826e+00,2.713759828710132105e+00,2.707900858642235509e+00,2.703109496513679044e+00,2.699171451120242260e+00,2.632747438468252987e+00,2.639946637741012125e+00,2.645000153207286875e+00,2.646633011906778243e+00,2.642785033307681442e+00,2.642817785427526545e+00,2.642238816639576271e+00,2.641173496217500638e+00
nan,nan,nan,nan,nan,nan,nan,nan,nan,nan,nan,nan,nan,nan,nan,nan,nan,nan,nan,nan,nan,nan,nan,nan,nan,nan,nan,nan,nan,nan,nan,nan,nan,nan,nan,nan,nan,nan,nan,2.743443877972269185e+00,2.738303670352268959e+00,2.730621844748970517e+00,2.714460604109750541e+00,2.716457591193035093e+00,2.766622077204633712e+00,2.745935471718818022e+00,2.733422108845586784e+00,2.723936087108963733e+00,2.716744043303271017e+00,2.705966664016375312e+00,2.701272701278271793e+00,2.697299086074441909e+00,2.636132968597960424e+00,2.638131851233343816e+00,2.643187834871818964e+00,2.644818698765350362e+00,2.645586000832042650e+00,2.640888147913047046e+00,2.640375622750435358e+00,2.639299716407109475e+00
nan,nan,nan,nan,nan,nan,nan,nan,nan,nan,nan,nan,nan,nan,nan,nan,nan,nan,nan,nan,nan,nan,nan,nan,nan,nan,nan,nan,nan,nan,nan,nan,nan,nan,nan,nan,nan,nan,nan,nan,2.737095228530590951e+00,2.728844235253364836e+00,2.712811954498329570e+00,2.714719446105156031e+00,2.765841703985818967e+00,2.744172398648349720e+00,2.731558002878476721e+00,2.722101786766715215e+00,2.714994971835370308e+00,2.704264272345180409e+00,2.699490414906489999e+00,2.695552401670999298e+00,2.634458785291898142e+00,2.636519856694877983e+00,2.641500346553759648e+00,2.643083106334323418e+00,2.644104939696365619e+00,2.639208557960837975e+00,2.638633178606749397e+00,2.637483055684449518e+00
nan,nan,nan,nan,nan,nan,nan,nan,nan,nan,nan,nan,nan,nan,nan,nan,nan,nan,nan,nan,nan,nan,nan,nan,nan,nan,nan,nan,nan,nan,nan,nan,nan,nan,nan,nan,nan,nan,nan,nan,nan,2.731197764188112664e+00,2.723397791978735327e+00,2.713090402340228913e+00,2.763854217407153868e+00,2.746979374895113679e+00,2.729727770363806094e+00,2.720955225640450337e+00,2.713186042220815608e+00,2.702479036286004721e+00,2.697740061162686054e+00,2.693753937958549116e+00,2.632824839495062630e+00,2.634852581740797284e+00,2.639881115839235015e+00,2.652000119915536747e+00,2.641969581624846519e+00,2.637526370235989237e+00,2.636886498511394450e+00,2.635774922591737290e+00
nan,nan,nan,nan,nan,nan,nan,nan,nan,nan,nan,nan,nan,nan,nan,nan,nan,nan,nan,nan,nan,nan,nan,nan,nan,nan,nan,nan,nan,nan,nan,nan,nan,nan,nan,nan,nan,nan,nan,nan,nan,nan,2.709834852693554286e+00,2.711446935545662740e+00,2.762127045268788716e+00,2.745674150618088838e+00,2.728115821394302642e+00,2.718694058836415017e+00,2.711591215353638784e+00,2.706008294092035804e+00,2.696137816367041751e+00,2.692307072466350704e+00,2.631271182360515049e+00,2.638612527210876912e+00,2.638318647748724821e+00,2.639991262136505590e+00,2.640528649726370247e+00,2.640342922298073880e+00,2.635230235777347385e+00,2.634111652144392579e+00
nan,nan,nan,nan,nan,nan,nan,nan,nan,nan,nan,nan,nan,nan,nan,nan,nan,nan,nan,nan,nan,nan,nan,nan,nan,nan,nan,nan,nan,nan,nan,nan,nan,nan,nan,nan,nan,nan,nan,nan,nan,nan,nan,2.710168608835419768e+00,2.760461611165871965e+00,2.743742733957945212e+00,2.726475674537691685e+00,2.717119946380805118e+00,2.709822703430670998e+00,2.704421431361597961e+00,2.694575799001968974e+00,2.690627832344432591e+00,2.629784718495504769e+00,2.637116673989417404e+00,2.636787085025008359e+00,2.638460283554422858e+00,2.638998551291423578e+00,2.639031270160785869e+00,2.633648682071300762e+00,2.632515671988538308e+00
nan,nan,nan,nan,nan,nan,nan,nan,nan,nan,nan,nan,nan,nan,nan,nan,nan,nan,nan,nan,nan,nan,nan,nan,nan,nan,nan,nan,nan,nan,nan,nan,nan,nan,nan,nan,nan,nan,nan,nan,nan,nan,nan,nan,2.759114075842542313e+00,2.742077973883707998e+00,2.729899537489113293e+00,2.715606461688284234e+00,2.708431131210162324e+00,2.702983879581702276e+00,2.698469984050874793e+00,2.689116638859588626e+00,2.628380940366495722e+00,2.635683842197588334e+00,2.635403536386392354e+00,2.636923752148994105e+00,2.637529284413274500e+00,2.637486470391433802e+00,2.632116156848167243e+00,2.630898834678007336e+00
nan,nan,nan,nan,nan,nan,nan,nan,nan,nan,nan,nan,nan,nan,nan,nan,nan,nan,nan,nan,nan,nan,nan,nan,nan,nan,nan,nan,nan,nan,nan,nan,nan,nan,nan,nan,nan,nan,nan,nan,nan,nan,nan,nan,nan,nan,2.728555460574095370e+00,2.714201411060598979e+00,2.706987898422883898e+00,2.701478091252922376e+00,2.697063592330243509e+00,2.687775165548333067e+00,2.627073990671589421e+00,2.634297872941126606e+00,2.639431751837327145e+00,2.635521824366897636e+00,2.636046442714238047e+00,2.636297642739001468e+00,2.635287665346402797e+00,2.629394627345338797e+00
nan,nan,nan,nan,nan,nan,nan,nan,nan,nan,nan,nan,nan,nan,nan,nan,nan,nan,nan,nan,nan,nan,nan,nan,nan,nan,nan,nan,nan,nan,nan,nan,nan,nan,nan,nan,nan,nan,nan,nan,nan,nan,nan,nan,nan,nan,2.744122058703543310e+00,2.729517438840566079e+00,2.722410150932089934e+00,2.716942824391013644e+00,2.695602470431219366e+00,2.686362142862321001e+00,2.625696414250377142e+00,2.632985110515477345e+00,2.638104311266166846e+00,2.635659741310123483e+00,2.634724374575009076e+00,2.634383943067788891e+00,2.633848781942186079e+00,2.628002999795071126e+00
nan,nan,nan,nan,nan,nan,nan,nan,nan,nan,nan,nan,nan,nan,nan,nan,nan,nan,nan,nan,nan,nan,nan,nan,nan,nan,nan,nan,nan,nan,nan,nan,nan,nan,nan,nan,nan,nan,nan,nan,nan,nan,nan,nan,nan,nan,nan,2.727196696318259228e+00,2.720055940615272227e+00,2.714527427070072108e+00,2.710140116458271908e+00,2.706489562457879305e+00,2.639884379424980665e+00,2.647230945458674434e+00,2.652452213183026597e+00,2.648690549622133350e+00,2.649456553781337931e+00,2.633243566431094251e+00,2.632479153816223327e+00,2.626599778195829682e+00
nan,nan,nan,nan,nan,nan,nan,nan,nan,nan,nan,nan,nan,nan,nan,nan,nan,nan,nan,nan,nan,nan,nan,nan,nan,nan,nan,nan,nan,nan,nan,nan,nan,nan,nan,nan,nan,nan,nan,nan,nan,nan,nan,nan,nan,nan,nan,nan,2.718012984915270103e+00,2.712205710820472238e+00,2.707953531642085743e+00,2.704572198821922235e+00,2.637746341006733886e+00,2.645114623256964670e+00,2.650290055055295024e+00,2.651986808507294846e+00,2.647358397130631147e+00,2.647244464312010326e+00,2.646683058696678081e+00,2.645627858886451467e+00
nan,nan,nan,nan,nan,nan,nan,nan,nan,nan,nan,nan,nan,nan,nan,nan,nan,nan,nan,nan,nan,nan,nan,nan,nan,nan,nan,nan,nan,nan,nan,nan,nan,nan,nan,nan,nan,nan,nan,nan,nan,nan,nan,nan,nan,nan,nan,nan,nan,nan,2.705979583505032871e+00,2.702171925267066399e+00,2.635713184790711594e+00,2.643043715873401922e+00,2.648093570558345711e+00,2.649792150617560793e+00,2.645167674972387140e+00,2.645170754276536584e+00,2.644479247134841060e+00,2.643352699310646425e+00
nan,nan,nan,nan,nan,nan,nan,nan,nan,nan,nan,nan,nan,nan,nan,nan,nan,nan,nan,nan,nan,nan,nan,nan,nan,nan,nan,nan,nan,nan,nan,nan,nan,nan,nan,nan,nan,nan,nan,nan,nan,nan,nan,nan,nan,nan,nan,nan,nan,nan,nan,2.701831629171937976e+00,2.639819040627043201e+00,2.640723287559139543e+00,2.646203122454084067e+00,2.647725862111932837e+00,2.643040784083884986e+00,2.642951588751943692e+00,2.642362985003853915e+00,2.641224359388601783e+00
nan,nan,nan,nan,nan,nan,nan,nan,nan,nan,nan,nan,nan,nan,nan,nan,nan,nan,nan,nan,nan,nan,nan,nan,nan,nan,nan,nan,nan,nan,nan,nan,nan,nan,nan,nan,nan,nan,nan,nan,nan,nan,nan,nan,nan,nan,nan,nan,nan,nan,nan,nan,2.653329963822587789e+00,2.653515188941835579e+00,2.658673176273058658e+00,2.660604257522296567e+00,2.646391751055319652e+00,2.640958310863172454e+00,2.640337654518698507e+00,2.639105028297929589e+00
nan,nan,nan,nan,nan,nan,nan,nan,nan,nan,nan,nan,nan,nan,nan,nan,nan,nan,nan,nan,nan,nan,nan,nan,nan,nan,nan,nan,nan,nan,nan,nan,nan,nan,nan,nan,nan,nan,nan,nan,nan,nan,nan,nan,nan,nan,nan,nan,nan,nan,nan,nan,nan,2.651430204813167713e+00,2.655527882103705384e+00,2.657409309790989660e+00,2.658431826220319483e+00,2.653209796956494948e+00,2.652799549144433833e+00,2.637157752595001625e+00
nan,nan,nan,nan,nan,nan,nan,nan,nan,nan,nan,nan,nan,nan,nan,nan,nan,nan,nan,nan,nan,nan,nan,nan,nan,nan,nan,nan,nan,nan,nan,nan,nan,nan,nan,nan,nan,nan,nan,nan,nan,nan,nan,nan,nan,nan,nan,nan,nan,nan,nan,nan,nan,nan,2.653368705047222775e+00,2.654440840192648032e+00,2.655200437930704815e+00,2.649930440788577979e+00,2.649707986318081687e+00,2.648729381032967289e+00
nan,nan,nan,nan,nan,nan,nan,nan,nan,nan,nan,nan,nan,nan,nan,nan,nan,nan,nan,nan,nan,nan,nan,nan,nan,nan,nan,nan,nan,nan,nan,nan,nan,nan,nan,nan,nan,nan,nan,nan,nan,nan,nan,nan,nan,nan,nan,nan,nan,nan,nan,nan,nan,nan,nan,2.652160277351871986e+00,2.652270991560557345e+00,2.652469654707536151e+00,2.646612618066889855e+00,2.645661229232984191e+00
