7.642508127609680741e+03,7.141796450862975689e+03,6.712560382885731087e+03,6.446528590867556886e+03,6.135296331323287632e+03,5.903707836396436505e+03,5.811567641187310073e+03,5.638530900706005013e+03,5.459455523052357421e+03,5.359051195557713982e+03,5.234050346153528153e+03,5.127341609720720044e+03,5.033566048317957211e+03,4.954549552178744307e+03,4.859412970428526023e+03,4.752861592980934802e+03,4.722569030581219522e+03,4.624468066045569685e+03,nan,4.617457717278333803e+03,4.525205643798766687e+03,4.501093617502737288e+03,4.480641973472531390e+03,4.451398512887522884e+03,4.494558840453933044e+03,4.479006069188628317e+03,4.382940374681355024e+03,4.434009035785039487e+03,4.422442277923498295e+03,4.404861778469513411e+03,4.312622804545288091e+03,4.296647380336012247e+03,4.361490256499429051e+03,4.347302550417625753e+03,4.338715221872922484e+03,4.348716805616335478e+03,4.335186676471376813e+03,4.243252568585537119e+03,4.314252305105077539e+03,4.301671359906150428e+03,4.211560153207467010e+03,4.282914165299003798e+03,nan,4.279615270585260987e+03,4.274054406203729741e+03,4.260008334048144206e+03,4.247855195148848907e+03,4.162171960738075541e+03,4.231670482809297937e+03,4.219361018737231461e+03
5.387792923618775603e+03,4.908527097028554635e+03,4.550247846209716045e+03,4.234520196511544782e+03,3.998461951629638861e+03,3.796593229999963569e+03,3.635583494466629872e+03,3.564466858061128278e+03,3.353472086309388487e+03,3.340451521393317762e+03,3.148560877497276124e+03,3.144716594743278620e+03,2.971595343755059275e+03,2.994964015258916788e+03,2.922299048600948936e+03,2.768972641561190812e+03,2.716622815173506297e+03,2.739619401983238731e+03,2.689434045130098184e+03,2.662914281980331907e+03,2.601267802549786666e+03,2.569813073014893234e+03,2.522736333930231467e+03,2.486802676473059364e+03,2.476831947175768164e+03,2.427225969670495033e+03,nan,2.410419824726676779e+03,2.398456706580543596e+03,2.371172285309869949e+03,2.373859004515522884e+03,2.359008001839577446e+03,2.302703614852062856e+03,2.335864865161423950e+03,2.308183954889907909e+03,2.286225188403232096e+03,2.307198499743432421e+03,2.263503882482421886e+03,2.289910238996033058e+03,2.281013489324923739e+03,nan,2.214010200859846918e+03,2.209820815606395172e+03,2.217893042802175842e+03,nan,nan,2.170852942432596592e+03,2.192851236120144222e+03,2.194962718547965324e+03,2.148549585727044814e+03
4.914356761062540500e+03,4.435564400893900711e+03,nan,nan,nan,3.357082296699003109e+03,3.174168683144563602e+03,3.022969271475198639e+03,2.899359016472162239e+03,2.789412711755173859e+03,2.699973158646596403e+03,2.608636648966504708e+03,2.526975260853525015e+03,2.458998098385294270e+03,2.395918012291268951e+03,2.329837197496956378e+03,2.289909884826703546e+03,2.237401723915610546e+03,2.187367168063878125e+03,2.149035796257667243e+03,2.101926297595100550e+03,2.063723209653171125e+03,2.028193951967967450e+03,2.000713637904528014e+03,1.969363829744516806e+03,1.939433624568431696e+03,1.918138416682140587e+03,1.902209974328177395e+03,1.876308143307916453e+03,1.856171769107262435e+03,1.832588203859106670e+03,1.809955774951477224e+03,1.793281152767722688e+03,1.778055998110365408e+03,1.766281418284068195e+03,1.755496659870896337e+03,1.748652347087401722e+03,1.744015426882731390e+03,1.733319432672451740e+03,1.727152909562062405e+03,1.717712601566707235e+03,1.708774713962520082e+03,1.704162498891090081e+03,1.696897757840762324e+03,1.689932544475011809e+03,1.676801592327573871e+03,1.664969857678818698e+03,1.652921070505479747e+03,1.647063905233176001e+03,1.633278031160728460e+03
4.717328272989306242e+03,4.245045572330910545e+03,3.868001079558616311e+03,3.575413963115736351e+03,3.340270391587640461e+03,3.156282615174152397e+03,2.982265847409380513e+03,2.841123238903227048e+03,2.718905649614933736e+03,2.610287096294759976e+03,2.514351945469387829e+03,2.425926697461718959e+03,2.346932015750461233e+03,2.287175513931450496e+03,2.217796960528026830e+03,2.162117479084600291e+03,2.117453000905968565e+03,2.064805835190787093e+03,2.016831149971167179e+03,1.972842319464998809e+03,1.935129554382022889e+03,1.898569635379797774e+03,1.864059615415616008e+03,1.837658926844745110e+03,1.807289856619655893e+03,1.778154857380574867e+03,1.762700657496439362e+03,1.737673533675120325e+03,1.712367521525733082e+03,nan,1.670650810574128855e+03,1.648911637101530459e+03,1.627956980503033947e+03,1.613495987005618190e+03,1.595262356182468238e+03,1.576610377567886644e+03,1.574667984350928464e+03,1.563462418695655970e+03,1.553270370268660372e+03,1.547950540412200326e+03,1.539121722537974165e+03,1.530950065247614702e+03,1.526722307092741403e+03,1.520426509061828938e+03,1.507785300647787835e+03,1.498323396487653781e+03,1.489604325735011344e+03,1.477591986325132893e+03,1.466072938323138715e+03,1.458090438424212834e+03
4.629146946185933302e+03,4.160446052191788112e+03,3.790546548880315186e+03,3.495913367914185528e+03,3.261364195697588002e+03,3.046866893994200382e+03,2.874260150363109915e+03,2.747585869589400318e+03,2.625734874329330978e+03,2.520720198553938644e+03,2.430078331360969969e+03,2.332771220981883744e+03,2.247024866570780432e+03,2.199643480246643321e+03,2.125575847249091112e+03,2.064866293345765371e+03,2.012988759494670148e+03,1.968174931721494431e+03,1.921218976748072464e+03,1.870899255994990426e+03,1.839642134726340373e+03,1.803684406893102960e+03,1.769757544606004330e+03,1.744148138310728655e+03,1.715889411034613204e+03,1.689177559480079026e+03,1.666998371326928691e+03,1.645810813774034159e+03,1.620662940008698115e+03,1.597410539281690262e+03,1.580021447747236152e+03,1.558799347761651006e+03,1.538718950396550781e+03,1.524877279201244392e+03,1.506026824100398471e+03,1.489148810519787730e+03,1.481541862188556024e+03,1.464239020066125931e+03,1.453509204517308035e+03,1.444653806739188440e+03,1.440079831791230845e+03,1.432139167292311186e+03,1.424217237478046627e+03,1.415978921982061820e+03,1.410711066563495251e+03,1.400892506401639821e+03,1.392141159836416819e+03,1.380401099568796553e+03,1.368910902544562759e+03,1.361020700695504502e+03
4.548269804497331279e+03,4.105426420760873953e+03,3.738574077051117001e+03,3.435018126738945284e+03,3.209046822888359202e+03,2.999007088877044680e+03,2.820391132023927639e+03,2.676605941273774079e+03,2.548426720574655064e+03,2.439554076696360880e+03,2.346935756809355553e+03,2.271697905944397917e+03,2.191945647027224823e+03,2.121535260273140011e+03,2.061417003261221907e+03,2.011159241796843162e+03,1.958531515638516566e+03,1.919129188089908439e+03,1.869790628299192576e+03,1.819518100836145322e+03,1.779009550523837333e+03,1.743597121797131649e+03,1.710127613987208179e+03,1.678584032469252634e+03,1.655316629807630761e+03,1.634445732918450631e+03,1.607033233222800845e+03,1.586061263442080417e+03,1.561846867638328604e+03,1.538904413862270530e+03,1.521498389418381521e+03,1.500605538265157293e+03,1.480847144258168100e+03,1.467235723001988163e+03,1.448349405055840634e+03,1.431834290960569433e+03,1.419767522689542830e+03,1.407067235826549222e+03,1.391658434502062164e+03,1.379605569489961681e+03,1.375161256437776956e+03,1.367461698890403341e+03,1.360717098058300053e+03,1.352378051405532915e+03,1.347204399942630289e+03,1.337557897030049162e+03,1.325586557086239509e+03,1.317376736136441878e+03,1.305988485588424055e+03,1.294951579062517339e+03
4.510089852673835594e+03,4.066609148251034640e+03,3.702404425701793116e+03,3.402230882836138790e+03,3.177721864473837741e+03,2.965818272424821316e+03,2.787849340295717411e+03,2.632669586059569610e+03,2.540064692333222865e+03,2.419131225863450709e+03,2.313813881335033329e+03,2.228652013301965326e+03,2.139879160012244483e+03,2.079763604112130906e+03,2.011960729522405472e+03,1.964591647809825645e+03,1.917267566478117942e+03,1.871968177074271352e+03,1.824135409662429311e+03,1.775745468056901700e+03,1.736939935006412952e+03,1.714031759682122356e+03,1.678261140497579845e+03,1.644876265469780719e+03,1.612201293210153381e+03,1.591328789641013373e+03,1.564209189915867228e+03,1.543642220368518565e+03,1.519608515919277806e+03,1.496696748145229321e+03,1.474992789209335342e+03,1.459130282053629116e+03,1.439616351563766784e+03,1.421819645328629349e+03,1.407712137614807261e+03,1.396791798017395649e+03,1.379029247950348918e+03,1.366634403957437598e+03,1.351288336384065133e+03,1.336651371992478744e+03,1.329662635520528283e+03,1.322082709504814147e+03,1.316103880415065760e+03,1.304022671004903486e+03,1.302393342375104112e+03,1.292850400474635762e+03,1.280962212433349350e+03,1.272654587801910793e+03,1.261361688950494226e+03,1.250427887118356921e+03
nan,4.066726731626691162e+03,3.705714693263057143e+03,3.409495353073106799e+03,3.163758939004952481e+03,2.942842572825256866e+03,2.774023443169315215e+03,2.622379159880275893e+03,2.523062573753534252e+03,2.402596233032360942e+03,2.297451926120456392e+03,2.212377538274990002e+03,2.124085971583869650e+03,2.051844209437307654e+03,1.985477013544718830e+03,1.930807638139905066e+03,nan,1.819932113104389600e+03,1.794026040129958574e+03,1.746572923616139633e+03,1.708711903817637449e+03,1.677829313458742490e+03,1.645573513715790796e+03,1.613037395908939743e+03,1.588980575092509753e+03,1.574245934292311176e+03,1.545552859511188672e+03,1.518294447699260445e+03,1.497832571726533388e+03,1.465319079891057754e+03,1.443784447208877737e+03,1.428077939074558572e+03,1.408748538777080967e+03,1.391077847548848467e+03,1.377262410446248850e+03,1.365989566148571157e+03,1.375864754362376516e+03,1.332598941152956741e+03,1.321302071448226343e+03,1.306896444972766176e+03,1.293219153880919293e+03,1.288212933925891775e+03,1.276118003521289893e+03,1.270485766790343177e+03,1.269034939806641205e+03,1.259517657092038007e+03,1.247671838639001635e+03,1.239411908021919089e+03,1.228182305658104042e+03,1.217327435252293299e+03
nan,nan,3.689452895649958464e+03,3.394761161059266215e+03,3.149557358513582585e+03,2.953384599046786207e+03,2.778719108978336408e+03,2.626315124178795941e+03,2.510013945353586678e+03,2.389885181028323132e+03,2.284962305186168578e+03,2.200109445130909535e+03,2.112184444878270824e+03,2.039497068776854121e+03,1.965059171040545834e+03,1.918993628931048761e+03,1.862632653320313466e+03,1.807827949258834678e+03,1.764848570309178513e+03,1.723708382617393227e+03,1.681936127770218263e+03,1.657353030424205826e+03,1.619295753507034533e+03,1.592168112601273833e+03,1.562384863607577699e+03,1.546168155321247696e+03,1.518456537748565324e+03,1.491961384012778353e+03,1.472364065570463936e+03,1.455137528022067272e+03,1.432250091408936441e+03,1.415066987205961595e+03,1.394483512019848376e+03,1.374211412980014984e+03,1.349272927187471169e+03,1.342143907682223244e+03,1.324862775840213317e+03,1.308827676431125383e+03,1.297878755476249353e+03,1.283723209729123937e+03,1.270143850030284739e+03,1.261884193662491953e+03,1.250058070026352652e+03,1.245069356110393755e+03,1.239658393097582575e+03,1.233538697331975072e+03,1.221814088087601704e+03,1.210317349641024066e+03,1.202417720942296000e+03,1.191619587472205012e+03
nan,nan,nan,3.382711214407219359e+03,3.138074012656032664e+03,2.942534335117592946e+03,2.768220103613297852e+03,2.617517543722907703e+03,2.499588635310475638e+03,2.379732533265087568e+03,2.275125843833040562e+03,2.181016448904340905e+03,2.111411793014498016e+03,2.029787943838799720e+03,1.955386536847682919e+03,1.911891540390150567e+03,1.853276855314693194e+03,1.798567213798312878e+03,1.755611198319069217e+03,1.705623882234071061e+03,1.664681292116218174e+03,1.626200665736961355e+03,1.604509514746949890e+03,1.569725254604222528e+03,1.539441512906697653e+03,1.526143409453141658e+03,1.495832597288416537e+03,1.475195952843657551e+03,1.455567284353561718e+03,1.432218931866242883e+03,1.409873936071448725e+03,1.388923048542326114e+03,1.373618810800705660e+03,1.350837328404751588e+03,1.343001530857593480e+03,1.333171833380538828e+03,1.315472967188181428e+03,1.298382633229294925e+03,1.279136641340941878e+03,1.264933778643843425e+03,1.251585735453943926e+03,1.238801697767136375e+03,1.229167485469844223e+03,1.224213668931682832e+03,1.218732037386951106e+03,1.212748325248206129e+03,1.201038098441226111e+03,1.189639359600128728e+03,1.181789276292497789e+03,1.171020605841207498e+03
nan,nan,nan,nan,3.128442884817474805e+03,2.933455091471090782e+03,2.760365533447482449e+03,2.608809798962846799e+03,2.479929483756020090e+03,2.371446171291306655e+03,2.267017700791693187e+03,2.173107392571762375e+03,2.105651279675866590e+03,2.023983871712869586e+03,1.949690207070084625e+03,1.904453876822149141e+03,1.845734715760304880e+03,1.791149916539681726e+03,1.741429326368560169e+03,1.698395505325446720e+03,1.657441883604921031e+03,1.618946343481439953e+03,1.588751237591471636e+03,1.554653689096727476e+03,1.525008704282975259e+03,1.512820967272648886e+03,1.483444415005045357e+03,1.455076188051150211e+03,1.435725540386250032e+03,1.414853641335451130e+03,1.396444118335700978e+03,1.375457099787690595e+03,1.360179935193507163e+03,1.340736004180089594e+03,1.323457854742109475e+03,1.315361040686274009e+03,1.297724871356978383e+03,1.281474454052427291e+03,1.270877955278850550e+03,1.259695847322511327e+03,1.245465871687747267e+03,1.232571065941283450e+03,1.219502340162616747e+03,1.207091842679096771e+03,1.201762823273880031e+03,1.195850476827424927e+03,1.184036608700974284e+03,1.172670850506944134e+03,1.161650455806630816e+03,1.154135254360013505e+03
nan,nan,nan,nan,nan,2.912077570438680141e+03,2.752687008160166442e+03,2.601400783345625769e+03,2.472702912010567616e+03,2.364490282155498790e+03,2.260190392748979775e+03,2.168513342351400297e+03,2.098961653241802651e+03,2.017382113451636769e+03,1.943205937970623381e+03,1.890557320636305576e+03,1.839492568485980200e+03,1.785184939102618728e+03,1.735354972348884530e+03,1.692446088996025765e+03,1.651493069259455979e+03,1.613000798100503062e+03,1.582673651229123152e+03,1.548705583532289438e+03,1.519059393301200771e+03,1.493652740446722191e+03,1.470254350048039896e+03,1.442408794422508890e+03,1.416702759813879766e+03,1.403762619724195474e+03,1.380080528265093790e+03,1.357740808086961806e+03,1.347007589158977680e+03,1.325759786980210492e+03,1.312433385574425984e+03,1.300026307880509876e+03,1.286553761228183021e+03,1.270321587825879988e+03,1.255000574477894588e+03,1.244319557163400532e+03,1.230654929557254491e+03,1.218177524470668914e+03,1.208520420975129355e+03,1.202450172429286113e+03,1.196319035116151781e+03,1.186267190624335171e+03,1.177099116130483026e+03,1.164998753029508180e+03,1.147487421288362611e+03,1.139988788013780095e+03
nan,nan,nan,nan,nan,nan,2.745989617526192433e+03,2.595023138992759868e+03,2.466494936026722826e+03,2.358419103702025495e+03,2.256411107185175297e+03,2.162821315544395929e+03,2.084313417780839245e+03,2.011726853611040724e+03,1.937695471934340731e+03,1.885316605543598826e+03,1.834177721610667959e+03,1.779814006369077788e+03,1.730231771498702756e+03,1.687415987832798919e+03,1.646485894693028740e+03,1.608016672254072546e+03,1.571907284491647943e+03,1.543722389842183020e+03,1.514118471603499756e+03,1.489396806608310271e+03,1.465219616983301421e+03,1.437376721645447788e+03,1.411686978421005961e+03,1.392072982082676162e+03,1.368790357925028047e+03,1.346908422793045020e+03,1.332480649760465894e+03,1.316323021438737896e+03,1.297834275681225790e+03,1.289777563668302719e+03,1.274845972152615559e+03,1.257092180365523745e+03,1.242513571726476812e+03,1.231232504084475750e+03,1.221254076600480857e+03,1.208775346962316007e+03,1.191264943523282454e+03,1.187749724951669350e+03,1.181890127252907405e+03,1.172295610672915700e+03,1.167631364419035435e+03,1.155421437629042430e+03,1.143829479418517167e+03,1.132545456727402097e+03
nan,nan,nan,nan,nan,nan,nan,2.589413855248527852e+03,2.461072089917315225e+03,2.344848383161682250e+03,2.251285411882398876e+03,2.157838113004682327e+03,2.079339193937910295e+03,2.006782274806202622e+03,1.941883043462934438e+03,1.880758357323573591e+03,1.829544141010332169e+03,1.775306928180707928e+03,1.725797637442010682e+03,1.676543624077653476e+03,1.642196141288825856e+03,1.603752024666009220e+03,1.567642749389915025e+03,1.539477284905141232e+03,1.509869054127721256e+03,1.485120933313813111e+03,1.460952516177880625e+03,1.433134301753827003e+03,1.407579051526269268e+03,1.383048592871565916e+03,1.364600909791130789e+03,1.342686809731012090e+03,1.321975084162873372e+03,1.306249784691220157e+03,1.288090715039608767e+03,1.280552723400141076e+03,1.262077971929328896e+03,1.248796849675931981e+03,1.232487732701636560e+03,1.222219296327794382e+03,1.210871415528969919e+03,1.201971436701220000e+03,1.183461588172811162e+03,1.178654399795278096e+03,1.172860660183694563e+03,1.163272209472458826e+03,1.151029533562068536e+03,1.142547860237991245e+03,1.131216782660817444e+03,1.120259949478818271e+03
nan,nan,nan,nan,nan,nan,nan,nan,2.458502490679067705e+03,2.340447160545764291e+03,2.246692539884872531e+03,2.153886163080002007e+03,2.074903789822313229e+03,2.002514158560820761e+03,1.937797556050766161e+03,1.876775141342707002e+03,1.818189365918421572e+03,1.771362932267752512e+03,1.715935726471279850e+03,1.672755589276861883e+03,1.638418681783444981e+03,1.600010249429461510e+03,1.563938798671992117e+03,1.535785452575259569e+03,1.506187802624126334e+03,1.481420721249504368e+03,1.452056057632288685e+03,1.429481714754343329e+03,1.403930123668902979e+03,1.379418295830633269e+03,1.360983109482296413e+03,1.339050488403134068e+03,1.318378739653446019e+03,1.298327074279218095e+03,1.284463676475655348e+03,1.270966943986747765e+03,1.252843560198272598e+03,1.239864199857107906e+03,1.223844408618257148e+03,1.214025268269240541e+03,1.203104776001394384e+03,1.189739035685450744e+03,1.176595050141124602e+03,1.166128983949496615e+03,1.162574676828371594e+03,1.156110247187390087e+03,1.143182417599269456e+03,1.134692566100862450e+03,1.123362526571996113e+03,1.112360472203222116e+03
nan,nan,nan,nan,nan,nan,nan,nan,nan,2.335987008419146150e+03,2.242871482681961879e+03,2.149515373915436157e+03,2.070961905495229985e+03,1.990184153918016364e+03,1.934151414335899744e+03,1.873167640670244282e+03,1.814610174644057224e+03,1.767841149835499436e+03,1.712554351558364033e+03,1.669415841941086001e+03,1.635073966156850702e+03,1.596693333991123836e+03,1.560668880175443064e+03,1.526826641269528182e+03,1.502949392245379613e+03,1.478147872656699747e+03,1.448831031420655563e+03,1.426258137900312477e+03,1.400737718885488675e+03,1.376230615982233303e+03,1.353117397512986372e+03,1.335892975027364173e+03,1.315184932827667808e+03,1.295191116195042241e+03,1.287503235974092377e+03,1.267764142090940823e+03,1.249552862876701511e+03,1.236660981175042025e+03,1.220671766650038080e+03,1.205553905535431113e+03,1.191211157956261104e+03,1.181768578116965500e+03,1.168877628524886177e+03,1.157964341931017316e+03,1.154769681383986153e+03,1.144246233292031320e+03,1.135910922228823438e+03,1.123065930612433704e+03,1.113870199216744368e+03,1.105753573706679390e+03
nan,nan,nan,nan,nan,nan,nan,nan,nan,nan,nan,2.145904388473977633e+03,2.067402652727017994e+03,1.986734977720574989e+03,1.930857719093365176e+03,1.869940191144255323e+03,1.811382284973579090e+03,1.764669884071816114e+03,1.709498439526227003e+03,1.666389464293746869e+03,1.625780081466554066e+03,1.593731936366553100e+03,1.557720053488873418e+03,1.523914107799501608e+03,1.506202322715816535e+03,1.475257569908554842e+03,1.445954916277037228e+03,1.418349070783470779e+03,1.397894137550794312e+03,1.373405000538435843e+03,1.350331139469376012e+03,1.333076060685192260e+03,1.312411762345537227e+03,1.292432840132208412e+03,1.284643059180218188e+03,1.264916306827778271e+03,1.246738719494343286e+03,1.229931844926019494e+03,1.217868213192830808e+03,1.202778689589564692e+03,1.188430979487274726e+03,1.178970302323428541e+03,1.160955997463918720e+03,1.150099201438285036e+03,1.143226173834951851e+03,1.141148733924124144e+03,1.128244008770189566e+03,1.115748685227575834e+03,1.106846970582924087e+03,1.095186999933952620e+03
nan,nan,nan,nan,nan,nan,nan,nan,nan,nan,nan,nan,2.064154639089810189e+03,1.983442303326265801e+03,1.927808344015242255e+03,1.866986382217942264e+03,1.808440415447465739e+03,1.754733906460263370e+03,1.706725758321846342e+03,1.663646938748610864e+03,1.623066746681752193e+03,1.591038260768259988e+03,1.555066020370901470e+03,1.521275014206935793e+03,1.498016111033096195e+03,1.472625839026123685e+03,1.443345795976026920e+03,1.416194273115542728e+03,1.395262095042707415e+03,1.370864611290193579e+03,1.347974306354578403e+03,1.330576169573951120e+03,1.309793879947449796e+03,1.290103505543890606e+03,1.277857176013229036e+03,1.262394201771577173e+03,1.244321530653822492e+03,1.227441668287887069e+03,1.215384440555181072e+03,1.200300539001245397e+03,1.185949411519734895e+03,1.172906565976411002e+03,1.158634968323290650e+03,1.147666401100625762e+03,1.140059946998052283e+03,1.133166265652143238e+03,1.120464236387413393e+03,1.108171559522597590e+03,1.099503504433142098e+03,1.092399486575568062e+03
nan,nan,nan,nan,nan,nan,nan,nan,nan,nan,nan,nan,nan,1.980755131846399308e+03,1.917060593914952506e+03,1.864268958547824923e+03,1.805734288515237495e+03,1.752096034353485720e+03,1.704178482619769738e+03,1.661129128220745542e+03,1.620588149608741105e+03,1.588567470631908236e+03,1.552627221308459184e+03,1.518887062234220139e+03,1.495615724424482778e+03,1.470241651831637910e+03,1.440990410366169726e+03,1.413905284163135320e+03,1.392990791054331794e+03,1.368563815083641430e+03,1.345532469813172838e+03,1.323785877676277551e+03,1.307567917774193802e+03,1.287740893736639237e+03,1.275562413767268481e+03,1.260108014225190800e+03,1.241977240052872048e+03,1.225203045712077255e+03,1.209311008590103029e+03,1.198103737454192469e+03,1.183727023019220951e+03,1.170666760175358149e+03,1.156451836845881871e+03,1.145207680322972010e+03,1.137249069386543169e+03,1.130333698437914791e+03,1.117623898394820117e+03,1.105316567142844633e+03,1.093496034211852020e+03,1.085159273330384167e+03
nan,nan,nan,nan,nan,nan,nan,nan,nan,nan,nan,nan,nan,nan,1.914491918513956534e+03,1.861741337153418954e+03,1.803220600843193779e+03,1.749671448788129055e+03,1.701817229266529239e+03,1.658806042297233716e+03,1.618300425273054998e+03,1.580227932811456867e+03,1.550383870115802438e+03,1.516673053145280619e+03,1.493406033553527777e+03,1.468039338048437685e+03,1.438819941231359053e+03,1.411730358160130891e+03,1.385977804745958792e+03,1.366471700547469936e+03,1.343452155378453199e+03,1.321695573228103058e+03,1.305498092674476311e+03,1.285684060892185244e+03,1.273473746793790951e+03,1.253924247597881276e+03,1.239943402939711632e+03,1.223157293531111236e+03,1.207288916894007798e+03,1.196028961498142053e+03,1.181723331544352732e+03,1.168655020747806475e+03,1.150957456687930744e+03,1.143479082912808281e+03,1.134692982983210413e+03,1.124443484478126493e+03,1.114975862246190445e+03,1.102760895260569669e+03,1.090928437087725115e+03,1.082581964811393618e+03
nan,nan,nan,nan,nan,nan,nan,nan,nan,nan,nan,nan,nan,nan,nan,1.859409501172167666e+03,1.800895850661333952e+03,1.747401720957669568e+03,1.692858841492342890e+03,1.656635008136579472e+03,1.616161106180828938e+03,1.578127066877247444e+03,1.548294538109126734e+03,1.514608563682078056e+03,1.491341643990723242e+03,1.460665340221096585e+03,1.436816229112896963e+03,1.409733742803643509e+03,1.384170350968513048e+03,1.364506730817227435e+03,1.341498830173451779e+03,1.319781801122269371e+03,1.299189796154408441e+03,1.283738383023100141e+03,1.271536809883723208e+03,1.252052057754436873e+03,1.238053132927647084e+03,1.221291962800353986e+03,1.205435505068340035e+03,1.194178692136104701e+03,1.179865586840932792e+03,1.166825276135900367e+03,1.149074136405124591e+03,1.141668548547857654e+03,1.132388261342590340e+03,1.122126302243631699e+03,1.112741162875254304e+03,1.100446435888096403e+03,1.088599621516300431e+03,1.077146774308222120e+03
nan,nan,nan,nan,nan,nan,nan,nan,nan,nan,nan,nan,nan,nan,nan,nan,1.798832263651352832e+03,1.745288558682726716e+03,1.690824231399510381e+03,1.654613341699139482e+03,1.614169623417708181e+03,1.576165799198676041e+03,1.540482625104521048e+03,1.512663483582155550e+03,1.489419585838406419e+03,1.458856578669152213e+03,1.434931944823594904e+03,1.407884087427447867e+03,1.382203023093931506e+03,1.362691159060387918e+03,1.339713711906102390e+03,1.318014740881962553e+03,1.297402582940972934e+03,1.282100585721181233e+03,1.269564932989520230e+03,1.250279827536358198e+03,1.236301352488997281e+03,1.219569879747472669e+03,1.203692087828034346e+03,1.188729001136568286e+03,1.178177764451412941e+03,1.158678806514138614e+03,1.147479601234587562e+03,1.139994922562109878e+03,1.130265853714914101e+03,1.119987133072859933e+03,1.107346319314063976e+03,1.098312371173955398e+03,1.086468771014006052e+03,1.075013808600676384e+03
nan,nan,nan,nan,nan,nan,nan,nan,nan,nan,nan,nan,nan,nan,nan,nan,nan,nan,1.688929007766165796e+03,1.652702845497804219e+03,1.612296093977488454e+03,1.574316178925329723e+03,1.538671600490733681e+03,1.510885198146693483e+03,1.487620872330977591e+03,1.457015438843874790e+03,1.433178868082265126e+03,1.406158459238461546e+03,1.380497721798291650e+03,1.356247138888660174e+03,1.338043034735445644e+03,1.316367103984859796e+03,1.295772818670457809e+03,1.280473628307683384e+03,1.268091102901544673e+03,1.248645623194724067e+03,1.230683618405647621e+03,1.217965418511236976e+03,1.202121172529679598e+03,1.187163564589480302e+03,1.176592385874486808e+03,1.157144253133034226e+03,1.145946392169284536e+03,1.134819366604416246e+03,1.128280599582098375e+03,1.118019823760442932e+03,1.105370642534923036e+03,1.096335211211904152e+03,1.084493347455437060e+03,1.073055021688168836e+03
nan,nan,nan,nan,nan,nan,nan,nan,nan,nan,nan,nan,nan,nan,nan,nan,nan,nan,nan,1.644434029633882574e+03,1.610515131246920419e+03,1.572577375252537195e+03,1.536949843212808673e+03,1.509186305555600029e+03,1.485920240421878134e+03,1.455342003918417277e+03,1.426358152153463379e+03,1.404526299021500790e+03,1.378884314400393350e+03,1.354626625154132853e+03,1.336460546594066273e+03,1.314806593691878334e+03,1.294141972960276235e+03,1.274650520933960706e+03,1.266547737764941076e+03,1.247124784882146059e+03,1.229167800804789749e+03,1.216455216086297696e+03,1.200635372610799550e+03,1.185682757420520829e+03,1.171465070408070005e+03,1.155738404405832398e+03,1.144512643894692019e+03,1.133583484905583191e+03,1.126462139528278158e+03,1.116200555305884336e+03,1.103554804806778293e+03,1.091256629414970348e+03,1.082676443631584561e+03,1.071221186849186779e+03
nan,nan,nan,nan,nan,nan,nan,nan,nan,nan,nan,nan,nan,nan,nan,nan,nan,nan,nan,nan,1.608866663666815157e+03,1.570921990264139140e+03,1.535323892731778415e+03,1.501922750994381204e+03,1.484311709893288935e+03,1.453761133918020505e+03,1.424802621940140625e+03,1.402992155631816104e+03,1.377377490679045877e+03,1.353152801931661543e+03,1.330342431529710666e+03,1.313325267165894275e+03,1.292776011827378170e+03,1.273226724656388114e+03,1.265076629294625036e+03,1.245680359261906233e+03,1.227757244771921478e+03,1.211138121398211524e+03,1.199241375693462714e+03,1.184293581223813817e+03,1.170117798044232586e+03,1.154349111961872040e+03,1.143199386287267316e+03,1.132310392489293918e+03,1.121446830254947145e+03,1.114512912880714111e+03,1.101851716466259859e+03,1.089614460724266337e+03,1.081006051729426645e+03,1.069536817513633196e+03
4.387884539309779939e+03,nan,nan,nan,nan,nan,nan,nan,nan,nan,nan,nan,nan,nan,nan,nan,nan,nan,nan,nan,nan,nan,1.528455730586670825e+03,1.502599723493536658e+03,1.481678386633421496e+03,1.452744229078881744e+03,1.423160010169370480e+03,1.396560489320477473e+03,1.375908875985194527e+03,1.351761500974777164e+03,1.328933837783683430e+03,1.311936898415772703e+03,1.291429968833129351e+03,1.271869100590871994e+03,1.259491541384604943e+03,1.244309573936599236e+03,1.226396824641714375e+03,1.209807270676104736e+03,1.197912634244810533e+03,1.182981335862891683e+03,1.168792389707857865e+03,1.149489045235010963e+03,1.141891787133632079e+03,1.131057516251657034e+03,1.119860580026749403e+03,1.112906872534363174e+03,1.100186442915559837e+03,1.088049988962447969e+03,1.075887866431882230e+03,1.067946437203886489e+03
4.387960568321386745e+03,nan,nan,nan,nan,nan,nan,nan,nan,nan,nan,nan,nan,nan,nan,nan,nan,nan,nan,nan,nan,nan,nan,1.493769854397159634e+03,1.483465634515190914e+03,1.449888100932761745e+03,1.422290187083488718e+03,1.394953084920356559e+03,1.374607269319300030e+03,1.350342123741253999e+03,1.327616112529637348e+03,1.310578597790221238e+03,1.290095015434637162e+03,1.270573366975047975e+03,1.258144152434311991e+03,1.243008186391486561e+03,1.225147435055798042e+03,1.208538613616763769e+03,1.192833904136572528e+03,1.181709734748796564e+03,1.167544391555893981e+03,1.148298825641834810e+03,1.140699898364484397e+03,1.129844592167224164e+03,1.118665278338233520e+03,1.108063394762925554e+03,1.098764290921597421e+03,1.086540607580060168e+03,1.074731795254263716e+03,1.066450065591524890e+03
4.388005849739274709e+03,nan,nan,nan,nan,nan,nan,nan,nan,nan,nan,nan,nan,nan,nan,nan,nan,nan,nan,nan,nan,nan,nan,nan,1.469404728761670640e+03,1.451675795502019582e+03,1.419664754530679147e+03,1.394144833425997376e+03,1.373066503100599903e+03,1.349151615995374186e+03,1.326277016920888627e+03,1.304833847307117367e+03,1.288820056137842585e+03,1.269342354913526151e+03,1.256920310671662719e+03,1.241772707004043696e+03,1.223897973247184837e+03,1.207323853737407035e+03,1.191646889178060746e+03,1.180539845099376407e+03,1.166394989136203549e+03,1.147144414102959217e+03,1.136032286362645436e+03,1.128719333564213457e+03,1.117534687722355102e+03,1.106522533806406500e+03,1.097319181647819278e+03,1.085106953348587922e+03,1.073341639322918809e+03,1.065037516323430054e+03
4.388097484952721061e+03,3.932652576956051689e+03,nan,nan,nan,nan,nan,nan,nan,nan,nan,nan,nan,nan,nan,nan,nan,nan,nan,nan,nan,nan,nan,nan,nan,1.443385471146041255e+03,1.421430547525216753e+03,1.389807765919432086e+03,1.367448676762501691e+03,1.347680908899813630e+03,1.325154120614722387e+03,1.303593077145118059e+03,1.287614256027762849e+03,1.268155145319127314e+03,1.255738141661405734e+03,1.236491703235477871e+03,1.222723441351635074e+03,1.206180624567346968e+03,1.190503866571217713e+03,1.179408986800423463e+03,1.165251772835548536e+03,1.146034480612055177e+03,1.135514922749724519e+03,1.127622034047223451e+03,1.116444290155401632e+03,1.105336434642216773e+03,1.095979558001257601e+03,1.083780044564379750e+03,1.071972867051619687e+03,1.060611267734049079e+03
4.388169024090644598e+03,3.932842807541882394e+03,nan,nan,nan,nan,nan,nan,nan,nan,nan,nan,nan,nan,nan,nan,nan,nan,nan,nan,nan,nan,nan,nan,nan,nan,nan,1.386828215209824748e+03,1.367764123268068715e+03,1.345805488647706625e+03,1.322783547707141906e+03,1.302309015962616741e+03,1.280680755279933237e+03,1.266982838764073676e+03,1.254589619878565827e+03,1.235354264614070416e+03,1.221602877099938951e+03,1.205056416404877837e+03,1.189403068988371160e+03,1.174584982434099174e+03,1.164161866829671908e+03,1.144979559853898763e+03,1.134451397558679218e+03,1.126569385716560419e+03,1.115397635780237124e+03,1.104036759019967803e+03,1.091433710063039371e+03,1.082503937236878301e+03,1.070633098112328526e+03,1.059330183452650317e+03
4.388241468074148543e+03,3.932922564542102918e+03,3.571988345159652908e+03,nan,nan,nan,nan,nan,nan,nan,nan,nan,nan,nan,nan,nan,nan,nan,nan,nan,nan,nan,nan,nan,nan,nan,nan,nan,1.360442452866925350e+03,1.347303868834198511e+03,1.321974969148135187e+03,1.301654374159113559e+03,1.280820963073595976e+03,1.265976784028258635e+03,1.253434648225351566e+03,1.234287150058421730e+03,1.216565647750892822e+03,1.204013496845206646e+03,1.188353298460683391e+03,1.173543519988819071e+03,1.163132650479739596e+03,1.143986405138447253e+03,1.133466676589553117e+03,1.122106615783012558e+03,1.114398941395431848e+03,1.102799500472546242e+03,1.090227710453595591e+03,1.081277669176398376e+03,1.069475747545334798e+03,1.058132181896522297e+03
4.388312063233280242e+03,3.932994114939901920e+03,3.572051419083576093e+03,nan,nan,nan,nan,nan,nan,nan,nan,nan,nan,nan,nan,nan,nan,nan,nan,nan,nan,nan,nan,nan,nan,nan,nan,nan,nan,nan,1.317470528389123729e+03,1.301980856106376677e+03,1.279191251221734092e+03,1.260884421225277492e+03,1.252277832460825948e+03,1.233276595449121714e+03,1.215487776650202022e+03,1.202999285103494913e+03,1.187333103493063390e+03,1.172545498185834504e+03,1.158476893248608576e+03,1.143011109706787693e+03,1.132503295203586049e+03,1.121150045921057654e+03,1.113448631908877815e+03,1.101604473147354383e+03,1.089039449257112437e+03,1.076912187102633197e+03,1.068334560612874384e+03,1.056962904056818161e+03
4.388375455469383269e+03,3.933037147935480789e+03,3.572109045610893190e+03,nan,nan,nan,nan,nan,nan,nan,nan,nan,nan,nan,nan,nan,nan,nan,nan,nan,nan,nan,nan,nan,nan,nan,nan,nan,nan,nan,nan,1.295273587011131212e+03,1.280635076680392558e+03,1.258848339546105990e+03,1.251663343721955698e+03,1.232063278702818707e+03,1.214546359310845446e+03,1.198058845569523555e+03,1.186346742957111019e+03,1.171564910929023426e+03,1.157509831817593749e+03,1.142038972324966608e+03,1.131548507690831684e+03,1.120242210186682769e+03,1.109105609578391523e+03,1.100497521277908390e+03,1.087250827335281883e+03,1.075789522564905383e+03,1.067216360797531934e+03,1.055846011260556452e+03
4.388453345197576709e+03,3.933002463514667397e+03,3.572168085489477107e+03,3.277557103867757178e+03,nan,nan,nan,nan,nan,nan,nan,nan,nan,nan,nan,nan,nan,nan,nan,nan,nan,nan,nan,nan,nan,nan,nan,nan,nan,nan,nan,nan,1.274088190846443013e+03,1.260338586272772773e+03,1.249632182498980910e+03,1.231462395246279357e+03,1.213403863918140814e+03,1.197208710158651911e+03,1.185382926228521228e+03,1.170631494895513470e+03,1.156577649547353985e+03,1.137563993152557032e+03,1.130644992092399434e+03,1.119385997690341810e+03,1.108234885600693133e+03,1.099582101914886834e+03,1.087013374983885569e+03,1.074424335878522015e+03,1.063137873347268624e+03,1.054920647809141883e+03
4.388516700147707525e+03,3.933169227491130187e+03,3.572211242149550799e+03,3.277618400420298713e+03,nan,nan,nan,nan,nan,nan,nan,nan,nan,nan,nan,nan,nan,nan,nan,nan,nan,nan,nan,nan,nan,nan,nan,nan,nan,nan,nan,nan,nan,nan,1.241605011392372944e+03,1.231796852116595346e+03,1.211930798505915618e+03,1.196471277801820634e+03,1.184354158164446289e+03,1.169756025010404755e+03,1.155648857181060976e+03,1.136681520518587149e+03,1.129744049372668542e+03,1.118460970074166880e+03,1.107361287008041927e+03,1.095399172857939220e+03,1.086191738046562477e+03,1.074026274187691115e+03,1.062288542908386489e+03,1.054066060500949334e+03
4.388596832351472585e+03,3.933232146527384430e+03,3.572290052450219719e+03,3.277674593118044868e+03,3.030496069700082899e+03,nan,nan,nan,nan,nan,nan,nan,nan,nan,nan,nan,nan,nan,nan,nan,nan,nan,nan,nan,nan,nan,nan,nan,nan,nan,nan,nan,nan,nan,nan,1.225809777891434578e+03,1.213150978695598951e+03,1.194634129370069104e+03,1.180036519654255699e+03,1.168695730075904066e+03,1.154840668731427058e+03,1.135786271514768714e+03,1.125395517191083400e+03,1.117603417956958992e+03,1.106517197963857825e+03,1.094563714747984704e+03,1.085323430747522252e+03,1.073188421905776977e+03,1.061455524482062629e+03,1.050147178594518664e+03
4.388672675035361863e+03,3.933241633613150498e+03,3.572365019074902648e+03,3.277736753183049132e+03,3.030550338512293820e+03,nan,nan,nan,nan,nan,nan,nan,nan,nan,nan,nan,nan,nan,nan,nan,nan,nan,nan,nan,nan,nan,nan,nan,nan,nan,nan,nan,nan,nan,nan,nan,nan,1.191046102801436746e+03,1.180347089307666920e+03,1.167315113861048303e+03,1.154211316676108936e+03,1.134868932352474076e+03,1.124608259934861735e+03,1.116749979961827648e+03,1.105698663353840175e+03,1.093733538176895991e+03,1.081257353269319538e+03,1.072350037173653163e+03,1.060639726588390431e+03,1.049348668933353338e+03
4.388738146786899961e+03,3.933379658633921281e+03,3.572424610431890414e+03,3.277791247402173212e+03,3.030600123125951995e+03,nan,nan,nan,nan,nan,nan,nan,nan,nan,nan,nan,nan,nan,nan,nan,nan,nan,nan,nan,nan,nan,nan,nan,nan,nan,nan,nan,nan,nan,nan,nan,nan,nan,1.175157609843627824e+03,1.165175138382893692e+03,1.152827954518216757e+03,1.134708724774684242e+03,1.123309378888684023e+03,1.112841522529737631e+03,1.105121260019785041e+03,1.092927512606370101e+03,1.080444779310821787e+03,1.071658363985231290e+03,1.059831721767308181e+03,1.048562087242221196e+03
4.388809186442674218e+03,3.933449468774490924e+03,3.572470352957611794e+03,3.277859403567643767e+03,3.030654385560278115e+03,nan,nan,nan,nan,nan,nan,nan,nan,nan,nan,nan,nan,nan,nan,nan,nan,nan,nan,nan,nan,nan,nan,nan,nan,nan,nan,nan,nan,nan,nan,nan,nan,nan,nan,nan,1.149158466874365786e+03,1.134805253539279420e+03,1.121836962447421456e+03,1.112049729251899407e+03,1.104047339416542400e+03,1.092271851362415873e+03,1.079753032807003819e+03,1.070946770870104956e+03,1.059224244440630400e+03,1.047790800146786069e+03
4.388882286508216566e+03,3.933491011063237693e+03,3.572615274982876144e+03,3.277900223266807643e+03,3.030707207528185791e+03,nan,nan,nan,nan,nan,nan,nan,nan,nan,nan,nan,nan,nan,nan,nan,nan,nan,nan,nan,nan,nan,nan,nan,nan,nan,nan,nan,nan,nan,nan,nan,nan,nan,nan,nan,nan,1.129285171921181018e+03,1.122765727827829778e+03,1.110280190419467772e+03,1.103452190662121211e+03,1.091172275518880951e+03,1.078874566864473763e+03,1.066758370057252705e+03,1.058288598416320156e+03,1.047041857057618927e+03
4.388951510279473041e+03,3.933348356017976130e+03,3.572591003447113508e+03,3.277955675352726303e+03,3.030761506032757097e+03,nan,nan,nan,nan,nan,nan,nan,nan,nan,nan,nan,nan,nan,nan,nan,nan,nan,nan,nan,nan,nan,nan,nan,nan,nan,nan,nan,nan,nan,nan,nan,nan,nan,nan,nan,nan,nan,nan,1.105173452442081270e+03,1.099073306038298369e+03,1.088702885207953841e+03,1.078085614885410223e+03,1.065767031410105801e+03,nan,1.046113505644479574e+03
4.389023069341645169e+03,3.933509469607544816e+03,3.572658805568392836e+03,3.278012992339293760e+03,3.030815803421048258e+03,nan,nan,nan,nan,nan,nan,nan,nan,nan,nan,nan,nan,nan,nan,nan,nan,nan,nan,nan,nan,nan,nan,nan,nan,nan,nan,nan,nan,nan,nan,nan,nan,nan,nan,nan,nan,nan,nan,nan,nan,1.085161849284130767e+03,1.076888076599990882e+03,1.063153611298833312e+03,1.052265944291006008e+03,1.043848411807195816e+03
4.389094044941105494e+03,3.933618424987124399e+03,3.572726974981338572e+03,3.278094441119943440e+03,3.030867732155331396e+03,nan,nan,nan,nan,nan,nan,nan,nan,nan,nan,nan,nan,nan,nan,nan,nan,nan,nan,nan,nan,nan,nan,nan,nan,nan,nan,nan,nan,nan,nan,nan,nan,nan,nan,nan,nan,nan,nan,nan,nan,nan,1.071701396922515187e+03,1.063776295450311409e+03,1.050399754824262345e+03,1.043048262044938156e+03
4.389165269738386087e+03,3.933777963005901256e+03,3.572771803473269301e+03,3.278124734428780812e+03,3.030919577357868548e+03,nan,nan,nan,nan,nan,nan,nan,nan,nan,nan,nan,nan,nan,nan,nan,nan,nan,nan,nan,nan,nan,nan,nan,nan,nan,nan,nan,nan,nan,nan,nan,nan,nan,nan,nan,nan,nan,nan,nan,nan,nan,nan,1.058529397467135141e+03,1.051041660606212872e+03,1.038163279552084532e+03
4.389229281637121858e+03,3.933839677853897228e+03,3.572841083278597125e+03,3.278180889685413149e+03,3.030972983209079302e+03,nan,nan,nan,nan,nan,nan,nan,nan,nan,nan,nan,nan,nan,nan,nan,nan,nan,nan,nan,nan,nan,nan,nan,nan,nan,nan,nan,nan,nan,nan,nan,nan,nan,nan,nan,nan,nan,nan,nan,nan,nan,nan,nan,nan,1.034655129735544506e+03
4.389306808750597156e+03,3.933760340369486585e+03,3.572892735397287197e+03,3.278237102023933403e+03,3.031006965487995330e+03,nan,nan,nan,nan,nan,nan,nan,nan,nan,nan,nan,nan,nan,nan,nan,nan,nan,nan,nan,nan,nan,nan,nan,nan,nan,nan,nan,nan,nan,nan,nan,nan,nan,nan,nan,nan,nan,nan,nan,nan,nan,nan,nan,nan,nan
4.389354475041423029e+03,3.933946360327080583e+03,3.572955276281503302e+03,3.278293762625146428e+03,3.031080800752340565e+03,nan,nan,nan,nan,nan,nan,nan,nan,nan,nan,nan,nan,nan,nan,nan,nan,nan,nan,nan,nan,nan,nan,nan,nan,nan,nan,nan,nan,nan,nan,nan,nan,nan,nan,nan,nan,nan,nan,nan,nan,nan,nan,nan,nan,nan
4.389426643061748109e+03,3.934029735464682744e+03,3.573025786931055336e+03,3.278349156555661921e+03,3.031132373387421467e+03,nan,nan,nan,nan,nan,nan,nan,nan,nan,nan,nan,nan,nan,nan,nan,nan,nan,nan,nan,nan,nan,nan,nan,nan,nan,nan,nan,nan,nan,nan,nan,nan,nan,nan,nan,nan,nan,nan,nan,nan,nan,nan,nan,nan,nan
4.389512334652788923e+03,3.933975674211681508e+03,3.573073186636781884e+03,3.278406488328183059e+03,3.031185499648808673e+03,nan,nan,nan,nan,nan,nan,nan,nan,nan,nan,nan,nan,nan,nan,nan,nan,nan,nan,nan,nan,nan,nan,nan,nan,nan,nan,nan,nan,nan,nan,nan,nan,nan,nan,nan,nan,nan,nan,nan,nan,nan,nan,nan,nan,nan
4.389583555337663711e+03,3.934159065225387621e+03,3.573138191683498917e+03,3.278462633688073765e+03,3.031241655990655545e+03,nan,nan,nan,nan,nan,nan,nan,nan,nan,nan,nan,nan,nan,nan,nan,nan,nan,nan,nan,nan,nan,nan,nan,nan,nan,nan,nan,nan,nan,nan,nan,nan,nan,nan,nan,nan,nan,nan,nan,nan,nan,nan,nan,nan,nan
