nan,nan,nan,nan,nan,7.155990783789968191e+03,6.841331535745334804e+03,6.587807216081740989e+03,6.354442655749560799e+03,6.148254219282796839e+03,5.973523374533200695e+03,5.842225682881128705e+03,5.701294624172656768e+03,5.574656535180595711e+03,5.453111379555937674e+03,5.360778993601311413e+03,5.264427106955147792e+03,5.175561650869909499e+03,5.094703054501408587e+03,5.031118844664706558e+03,5.104836829986158591e+03,4.894480792092935189e+03,4.833155918359727366e+03,4.784794639251386798e+03,4.729313178963996506e+03,4.695488040544551950e+03,4.673971783228877939e+03,4.653440273824822725e+03,4.627162499747078982e+03,4.600689617479066328e+03,4.575421134735768646e+03,4.571266927962200498e+03,4.550019873581288266e+03,4.529093716762479744e+03,4.509672935022575984e+03,4.498559727675585236e+03,4.476521361234046708e+03,4.460985886912501883e+03,4.445854093435758841e+03,4.438829710552408869e+03,4.402609960600709201e+03,4.408967933097366767e+03,4.373321177867583174e+03,4.389664703241872303e+03,4.377018812345580045e+03,4.365864964195138782e+03,4.360465455857338384e+03,4.355887709212313894e+03,4.344357445356729841e+03,4.333036116926219620e+03,4.293410438757678094e+03,4.318788475121350530e+03,4.307893455009413628e+03,4.297667150070853495e+03,4.288512521645651759e+03,4.284884124079826506e+03,4.236674084955365288e+03,4.228045351972583376e+03,4.219457202080971911e+03,4.257417908536655887e+03
nan,7.061231131625760099e+03,nan,nan,nan,nan,nan,4.539021215271573055e+03,4.317612761418079572e+03,4.146814827042490833e+03,4.054183131576442975e+03,3.887750999670829970e+03,3.760957774015318137e+03,3.657173216920756659e+03,3.552684151947232294e+03,3.477086077022029258e+03,3.393446665427406970e+03,3.315399482465804795e+03,3.246005555102612561e+03,3.190363289190747309e+03,3.130271050149305211e+03,3.069929352925142211e+03,3.023465744108801573e+03,2.980423213171672160e+03,2.932563302180524261e+03,2.893272652579295027e+03,2.854561713425329344e+03,2.822224067444629327e+03,2.784804431563130038e+03,2.748592982921178191e+03,2.723268760485302209e+03,2.695766622007350179e+03,2.657946909304861492e+03,2.640938583122662749e+03,2.602074440665157454e+03,2.581846389162325977e+03,2.571081946089620033e+03,2.555954035783070594e+03,2.543958456317543551e+03,2.544515852284056109e+03,2.531839165445754588e+03,2.503880793907032057e+03,2.508182145480088820e+03,2.502330396528072015e+03,2.474634723481678066e+03,2.459188203019336470e+03,2.453455010641376703e+03,2.445451091076256034e+03,2.437987244758860470e+03,2.449137302266235110e+03,2.442074750291898454e+03,2.438361560794794514e+03,2.431966753561520363e+03,2.429268833434831322e+03,2.420592514352926173e+03,2.394434239218172479e+03,2.408990387850492880e+03,2.378188193081994086e+03,2.395084777764313912e+03,2.392546813466266485e+03
7.627649939095115769e+03,6.630245517885020490e+03,5.816635632732438353e+03,5.400045744767015094e+03,nan,nan,nan,nan,nan,3.591015687350859025e+03,3.442868880248718142e+03,3.321807638027209123e+03,3.205439545574257863e+03,3.100344203425071555e+03,3.005260203019228811e+03,2.934440536828679342e+03,2.853441149435918305e+03,2.780292159614731190e+03,2.714223918709955342e+03,2.661528434176164410e+03,2.600824953802811706e+03,2.552017734873697009e+03,2.499603786830650279e+03,2.458374762870318136e+03,2.422529842818971701e+03,2.382788392589086470e+03,2.341387602158078153e+03,2.311575735559747045e+03,2.278515759594386054e+03,2.241687779588072317e+03,2.212392415499931303e+03,2.184121954197836658e+03,2.163235695314507211e+03,2.137020866576467142e+03,2.112452410496543052e+03,2.088751605929504422e+03,2.072784973610403085e+03,2.057556607052683830e+03,2.036465622565777039e+03,2.015578816052356615e+03,2.000806805085559972e+03,1.981599279361149911e+03,1.963129594290469640e+03,1.950381817896061875e+03,1.945282621975315806e+03,1.937539101312979938e+03,1.928387169848401072e+03,1.919597400419507039e+03,1.915546658822479003e+03,1.907698181314248131e+03,1.900285141986460985e+03,1.896934704809915957e+03,1.893103002866296265e+03,1.885480086764721591e+03,1.878001941903630268e+03,1.871024459169157808e+03,1.868313408758948526e+03,1.862868996038748264e+03,1.856785477436092606e+03,1.850882765350476575e+03
nan,nan,5.738880667232650012e+03,5.174920198464469649e+03,4.762242612346227361e+03,nan,4.093701575900738590e+03,3.765063980013018408e+03,3.576162685200807118e+03,3.407859709322023718e+03,3.271297080324204671e+03,3.144446834043835224e+03,3.034656111533742205e+03,2.855921182225830762e+03,2.768672694002557819e+03,2.682887111721071506e+03,2.615862307651600531e+03,2.544449343309360302e+03,2.480674649109254915e+03,2.416330543926960672e+03,2.377146353048915898e+03,2.322628895009245753e+03,2.271317821915817149e+03,2.231808355325379580e+03,2.200062857629632163e+03,2.158944801687216113e+03,2.124598618039881330e+03,2.089837806757361250e+03,2.059859840070851078e+03,2.030145144400832578e+03,2.001487275500455553e+03,1.974055154283564434e+03,1.954067267683515411e+03,1.929317200540202975e+03,1.905218926193497737e+03,1.883648444289815870e+03,1.874045047699831457e+03,1.851509938542612645e+03,1.831383414680360374e+03,1.811452423562635431e+03,1.797472604946420915e+03,1.779237865678134312e+03,1.761998086361192009e+03,1.745699154750717980e+03,1.735440076071487056e+03,1.720089485491707364e+03,1.705176584809365750e+03,1.695395791343789142e+03,1.693284322109722098e+03,1.690470330225899716e+03,1.681678783112765814e+03,1.674232843254047566e+03,1.670681739600022865e+03,1.663496120190680358e+03,1.656684817083563303e+03,1.651420446431896380e+03,1.649015273623119583e+03,1.643064939784314220e+03,1.637339029633806604e+03,1.626756416807161941e+03
nan,nan,nan,5.082871820038144506e+03,4.666530730224618310e+03,4.298547458059852943e+03,3.991939701701249760e+03,3.730733734074939548e+03,3.532810867329370467e+03,3.354332462556263636e+03,3.127654263673723108e+03,2.981029761918903205e+03,2.881737955215525744e+03,2.769612645719790180e+03,2.699095575887703490e+03,2.603719489535216326e+03,2.545079971079463121e+03,2.470981394372277009e+03,2.348725143078003839e+03,2.286219962641775055e+03,2.245661359362035455e+03,2.191917960171071172e+03,2.141457220692160263e+03,2.105959013691358450e+03,2.073381669478948879e+03,2.032145432309052239e+03,1.995767544612322354e+03,1.961216509329919745e+03,1.933126396280815243e+03,1.903385911407217009e+03,1.875325287161105280e+03,1.848551623860369091e+03,1.829090706264256596e+03,1.804601717279471131e+03,1.781198272460283079e+03,1.762438005379256992e+03,1.750329126280996434e+03,1.728952521405260541e+03,1.709466123494551312e+03,1.690020636182073076e+03,1.676484259483928781e+03,1.659671170743803032e+03,1.642690531236959714e+03,1.627443069188466552e+03,1.617409740888911301e+03,1.602397223524854780e+03,1.587979414873888800e+03,1.573827460952262754e+03,1.565014182767724151e+03,1.558224376509354215e+03,1.550012412806061548e+03,1.543086573377820514e+03,1.535893441021009494e+03,1.533022412940641516e+03,1.527777237705799507e+03,1.521605614876983282e+03,1.515685633883760829e+03,1.513734441668113277e+03,1.503045642026566156e+03,1.498587711338155032e+03
nan,nan,nan,nan,4.602896967613574816e+03,4.238597644347283676e+03,3.932365547600673381e+03,3.672446212815147192e+03,3.476836844849032332e+03,3.283823150073926172e+03,3.113499461543400230e+03,2.968012034541573030e+03,2.864689365848288162e+03,2.740753421315623200e+03,2.611033888501680849e+03,2.513987425655445350e+03,2.446008825413359318e+03,2.372539460577886075e+03,2.306250739809184779e+03,2.241704037422037345e+03,2.198531174395500329e+03,2.141285026733955874e+03,2.095834153111948581e+03,2.021769563165608361e+03,1.987959499342096706e+03,1.949581404212048938e+03,1.913848841339846331e+03,1.879702606456703506e+03,1.845221004020116652e+03,1.822773047202098269e+03,1.795042897131532300e+03,1.768578552895543908e+03,1.743641693307042715e+03,1.725187084693714269e+03,1.703230850992170645e+03,1.688226695863553459e+03,1.666251501745811993e+03,1.650646565915535348e+03,1.631393548780756191e+03,1.612365472327002635e+03,1.594225677188884220e+03,1.582851631469917493e+03,1.566422722903382237e+03,1.551790613348004626e+03,1.536528830828698801e+03,1.526328925635543555e+03,1.511113964369908672e+03,1.498941013512915333e+03,1.490244498836481398e+03,1.480446363019056207e+03,1.467287213017071281e+03,1.459040330349606847e+03,1.452148971043260190e+03,1.449582518342961293e+03,1.444526283531718491e+03,1.438578111645638955e+03,1.432902893071557628e+03,1.425475783943861416e+03,1.420716951694775844e+03,1.416329439887975923e+03
nan,nan,nan,nan,4.555690994704664263e+03,4.195540018274151407e+03,3.890882782699573454e+03,3.630581435530057206e+03,3.436464333893775347e+03,3.246133951517236710e+03,3.076854223645306320e+03,2.930880114844519085e+03,2.801354518015070425e+03,2.696667697283496636e+03,2.596218883610988996e+03,2.499391059921896613e+03,2.423267363234825098e+03,2.348757983245731793e+03,2.255159336412359607e+03,2.196625626916855254e+03,2.137401612317806666e+03,2.089451226763486375e+03,2.041861365209061887e+03,1.999408244926552470e+03,1.960822769431164261e+03,1.921909725690185041e+03,1.884208479657251473e+03,nan,1.788517789340215813e+03,1.765773116157802406e+03,1.737713538591461656e+03,1.711095884712870884e+03,1.686195625317707254e+03,1.668391476041115766e+03,1.647068469627647801e+03,1.632221745927862912e+03,1.610810401265817973e+03,1.595532373826821640e+03,1.576420488767402048e+03,1.557546322836639547e+03,1.539690714629361992e+03,1.527759044219106954e+03,1.511716493072884759e+03,1.497338665933050379e+03,1.482321660922811589e+03,1.472303883163692717e+03,1.458435499506366568e+03,1.445470520577395064e+03,1.436380033888785874e+03,1.426874119953386071e+03,1.413945226626198291e+03,1.402413268998925105e+03,1.392533499647202461e+03,1.391200565653343574e+03,1.385368132049179394e+03,1.379359821133333298e+03,1.373771846593135251e+03,1.366743381586895339e+03,1.362521624380365211e+03,1.358136770072406989e+03
nan,nan,nan,nan,nan,4.160578242796489576e+03,3.861737355997493523e+03,3.601696030406358204e+03,3.393037629195712725e+03,3.216081583651589881e+03,3.048124629932418884e+03,2.903508185873959064e+03,2.774132959226513776e+03,2.674423695348535148e+03,2.569231694188900747e+03,2.472923769407022064e+03,2.386960486578425844e+03,2.317557273438821085e+03,2.245515663983849663e+03,2.191892704265713292e+03,2.125965190230478129e+03,2.055332508173653423e+03,2.007325518268188489e+03,1.964438539650474922e+03,1.920879013575952968e+03,1.887033522013676929e+03,1.846262128411279491e+03,1.806166013627421307e+03,1.776211361555605436e+03,1.752847387722402345e+03,1.723483306413423406e+03,1.695735116100162031e+03,1.669307122207842212e+03,1.630065595994665955e+03,1.610565694520879788e+03,1.593081796900639802e+03,1.571038912775724839e+03,1.555286166873694583e+03,1.536017831943486271e+03,1.516819743684547802e+03,1.499032698304574069e+03,1.481020463096352159e+03,1.470344395802623694e+03,1.455726235425072673e+03,1.440851736914189587e+03,1.426610640294758468e+03,1.417391752195627532e+03,1.404466018815162442e+03,1.395930434121982898e+03,1.382667532961345842e+03,1.374000711036496568e+03,1.362655862669239468e+03,1.350202680805319915e+03,1.342240328931550721e+03,1.340073892042960551e+03,1.334355710918697923e+03,1.328893651705286857e+03,1.318622364624408419e+03,1.318072095070576097e+03,1.313807048008900892e+03
nan,nan,nan,nan,nan,4.137382221577855489e+03,3.838240448813889088e+03,3.578725845337593455e+03,3.370067064628563458e+03,3.195374156538271109e+03,3.027702850100127762e+03,2.883322154295521614e+03,2.754474066838681665e+03,2.654712952030444285e+03,2.549336882999597492e+03,2.453034701408729234e+03,2.366672293064545102e+03,2.297792503079825565e+03,2.221635598313793707e+03,2.162687534855134345e+03,2.097870425782735310e+03,2.045851091247277282e+03,2.006714885519352720e+03,1.958681542806385323e+03,1.908354362242403795e+03,1.860193843797040245e+03,1.820471092775376519e+03,1.780368313047599941e+03,1.750297152681967418e+03,1.720003891731269732e+03,1.694453006977502355e+03,1.667541472495049902e+03,1.642055846868276603e+03,1.617595639429714538e+03,1.602702036907539195e+03,1.584334356697213025e+03,1.561480294027396894e+03,1.539770027496206922e+03,1.507727166109404379e+03,1.488840159111516869e+03,1.465690882088078070e+03,1.448933452986767861e+03,1.439183778393336752e+03,1.423872214349808701e+03,1.409143448448074423e+03,1.393899002302622421e+03,1.386028249963603457e+03,1.377750253046842090e+03,1.363711339181144012e+03,1.350540319422128505e+03,1.342106713255636123e+03,1.331099900659253308e+03,1.319626945537218489e+03,1.310014278216802495e+03,1.305621315010874923e+03,1.299979967981482787e+03,1.288884381649392026e+03,1.284673624184902110e+03,1.284002470784512525e+03,1.280062796775882362e+03
nan,nan,nan,nan,nan,4.117191926158478054e+03,3.818967046786257924e+03,3.560306290374179753e+03,3.352295121748772544e+03,3.178358154243247100e+03,3.011174638807815427e+03,2.867272122211316400e+03,2.738786702890197830e+03,2.639376650433498980e+03,2.533858893039319355e+03,2.437892773108133042e+03,2.351380866859261914e+03,2.272677369570214978e+03,2.206115123592805503e+03,2.147507263540790973e+03,2.082966087977935331e+03,2.022608707050115527e+03,1.984967109257866696e+03,1.936719493993671904e+03,1.888316181583774778e+03,1.852329881894952223e+03,1.818299553577921415e+03,1.775008559132327036e+03,1.739115194186465033e+03,1.698052361006692536e+03,1.674677498681320003e+03,1.647395149410069962e+03,1.622033050634564461e+03,1.597529223483980331e+03,1.579627964383494145e+03,1.561751813356877847e+03,1.539489107322018754e+03,1.522802504106531842e+03,1.503900552139641377e+03,1.484219008799082758e+03,1.461080057034554329e+03,1.443712211759254160e+03,1.433336581191818368e+03,1.398430359525884342e+03,1.383732554857306695e+03,1.368528951467499837e+03,1.360813113986964254e+03,1.352428983341060075e+03,1.338703992870061484e+03,1.325568646508712391e+03,1.313260612435451549e+03,1.306101716518261583e+03,1.294935566610013666e+03,1.285477871749905034e+03,1.275167848308154134e+03,1.272526838219684805e+03,1.261672745810013794e+03,1.257415003743158195e+03,1.253257117459550500e+03,1.252749250376894906e+03
nan,nan,nan,nan,nan,nan,3.803298799333482748e+03,3.545537567375067738e+03,3.338067393628665741e+03,3.149750865257642090e+03,2.997716786913551005e+03,2.854381939599994894e+03,2.725960133915265942e+03,2.615240782127970306e+03,2.522056821995919108e+03,2.425007762223700865e+03,2.338814193330051694e+03,2.260836699053693337e+03,2.194213370736589241e+03,2.151027514663765032e+03,2.085915585512554117e+03,2.025714633529298908e+03,1.989338216673902025e+03,1.940975788596714892e+03,1.892290489562838729e+03,1.845189619792550275e+03,1.812017087192790768e+03,1.769158687655643689e+03,1.743515126880102116e+03,1.710138760411216936e+03,1.684528975980730138e+03,1.653253780513833590e+03,1.623571496332246170e+03,1.597418433620749283e+03,1.570884993118968168e+03,1.547717294651417433e+03,1.526282988345637705e+03,1.505575888352608217e+03,1.483344970781807433e+03,1.469719576056354754e+03,1.452008898288630689e+03,1.435470748108907401e+03,1.420698788034993640e+03,1.409329685381296258e+03,1.394086164437658226e+03,1.378298295614036761e+03,1.365840085719379431e+03,1.347303710260380740e+03,1.333383196313215194e+03,1.320384919659094976e+03,1.308216621256448889e+03,1.300961479310819186e+03,1.289957254329836360e+03,1.280538061165862928e+03,1.270351847008133973e+03,1.265238057671320803e+03,1.239220320359977222e+03,1.246985376576459885e+03,1.245842835371402316e+03,1.245451718581211253e+03
nan,nan,nan,nan,nan,nan,nan,3.532654690839663544e+03,3.328714030603051015e+03,3.140394709577312824e+03,2.989020022974492349e+03,2.846089151396981833e+03,2.716646187968173763e+03,2.606100950809459846e+03,2.513140132698868001e+03,2.417578186657010974e+03,2.330672802931293973e+03,2.252112521019136693e+03,2.184229293606788815e+03,2.125694767145259902e+03,2.061215765764075968e+03,2.015067255134451216e+03,1.979509996522238225e+03,1.931354279714621043e+03,1.882581455725100113e+03,1.835611427352118653e+03,1.802447144208847931e+03,1.759980665276196987e+03,1.726432028942647094e+03,1.693716665387516514e+03,1.662619267188505319e+03,1.639032931544320036e+03,1.617312138688788991e+03,1.591051029074055123e+03,1.572855976810317543e+03,1.552035084176832925e+03,1.526678094921944876e+03,1.501938394509597174e+03,1.468392302264834598e+03,1.455151042295167372e+03,1.437256271652714304e+03,1.420670287985236428e+03,1.402797733964591316e+03,1.391857546313397052e+03,1.377145250246347814e+03,1.362846869414712728e+03,1.353157742403167958e+03,1.335110239249763708e+03,1.331127477179483549e+03,1.317510746630026460e+03,1.304842158701745120e+03,1.297307422723154559e+03,1.273459276803213925e+03,1.264097076386095750e+03,1.253944464876061602e+03,1.243748393663560591e+03,1.235147570093155309e+03,1.231184319012105561e+03,1.227211830024111578e+03,1.223384997260501677e+03
nan,nan,nan,nan,nan,nan,nan,nan,3.317310025332151326e+03,3.130327008608238884e+03,2.978639304485722732e+03,2.835723473173577077e+03,2.708575722144580141e+03,2.596777752069922826e+03,2.503935198001933713e+03,2.408558191689211526e+03,2.321655434728557339e+03,2.243532971517399346e+03,2.177413764079509747e+03,2.117471064461413334e+03,2.052985252632232459e+03,1.992598897201142563e+03,1.963966755385135912e+03,1.922220852029583511e+03,1.875783150665799894e+03,1.828178551382864498e+03,1.787576962651769463e+03,1.752087995588319700e+03,1.718549641553330503e+03,1.685837234559708577e+03,1.654731043430938598e+03,1.631128638625982603e+03,1.602916201508933227e+03,1.577194392023262935e+03,1.559438719346043172e+03,1.545343382648321722e+03,1.520608323902443772e+03,1.497144741996817174e+03,1.475982758273935588e+03,1.459058087534137940e+03,1.423937635086008413e+03,1.405204539110972291e+03,1.390230178978923732e+03,1.379932951739797772e+03,1.365007518417692154e+03,1.350675075842595334e+03,1.337164490156712418e+03,1.326409725353923250e+03,1.316593207952127614e+03,1.303669514971016270e+03,1.294573081463179278e+03,1.280058788512996216e+03,1.273950830093620198e+03,1.262629167537900457e+03,1.252160780870598956e+03,1.242040136249500847e+03,1.231433815196437081e+03,1.215772697063877331e+03,1.211916054808809804e+03,1.207995634473301834e+03
nan,nan,nan,nan,nan,nan,nan,nan,nan,3.120960627647236834e+03,2.970256620284591918e+03,2.827087659586820791e+03,2.699734116753709259e+03,2.590975783799090550e+03,2.486432276704899323e+03,2.401127698533323837e+03,2.315546792146251846e+03,2.236028361560598114e+03,2.160969037696851501e+03,2.110040249898819638e+03,2.045939435156053605e+03,1.985721881686168217e+03,1.957253000591761293e+03,1.916825565020720660e+03,1.867859344325858046e+03,1.821619364267366791e+03,1.780962085293404925e+03,1.745346285092659400e+03,1.711810043426246921e+03,1.679132988460138904e+03,1.648040969945056986e+03,1.624431750149872187e+03,1.596226644875919874e+03,1.570501934543160814e+03,1.552667342749712816e+03,1.526916869311945220e+03,1.508225383188127125e+03,1.485212369932435877e+03,1.469648083972713721e+03,1.448652342156387022e+03,1.419055989964264654e+03,1.400549878027029081e+03,nan,1.366137171919907132e+03,1.353509182824753452e+03,1.337612371735238639e+03,1.324405409747246267e+03,1.315741162418878957e+03,1.306395057593811543e+03,1.293314943722451062e+03,1.280961458867438523e+03,1.267425203503447392e+03,1.261237564304313992e+03,1.250620803743700208e+03,1.240477503841179214e+03,1.233496992027934539e+03,1.218650399777333632e+03,1.214305887246514430e+03,1.209965771684866468e+03,1.205714127241173173e+03
nan,nan,nan,nan,nan,nan,nan,nan,nan,nan,2.903170718164486516e+03,2.819880477618422447e+03,2.692302819161290245e+03,2.583459872707159775e+03,2.478974311724034123e+03,2.395421311325310853e+03,2.308932158252979661e+03,2.229477266372106442e+03,2.154578291795688074e+03,2.103563271010556946e+03,2.039485058893631049e+03,1.979399654593646119e+03,1.935348523714841804e+03,1.909646787524615547e+03,1.862016292004607067e+03,1.815832941541069204e+03,1.775194882743395056e+03,1.739846334967796793e+03,1.706271303441335021e+03,1.674506876253700057e+03,1.642251457019233840e+03,1.612716095916916402e+03,1.590465421226801482e+03,1.564754695893910366e+03,1.546864992256755613e+03,1.521459174676101384e+03,1.502451810401996227e+03,1.479427016650153973e+03,1.458328504929835617e+03,1.437549359927565320e+03,1.408504255151987309e+03,1.390337217558057091e+03,1.378797995062588143e+03,1.361586434958505833e+03,1.349524583634275814e+03,1.333540587637493672e+03,1.318806393057061086e+03,1.308136522437335316e+03,1.296383769829737957e+03,1.282021956353308497e+03,1.269623576983067323e+03,1.258485604785956411e+03,1.248783266199483251e+03,1.242094374611105650e+03,1.231815574625382851e+03,1.219655176750134842e+03,1.204600472386400043e+03,1.202606565193103734e+03,1.198605535699266284e+03,1.197346008557694404e+03
nan,nan,nan,nan,nan,nan,nan,nan,nan,nan,nan,nan,2.685759513467504803e+03,2.577000691019379701e+03,2.472579228776516175e+03,2.388849407653648996e+03,2.303750485179004500e+03,2.225729380418657001e+03,2.148814103051700840e+03,2.097775619795449984e+03,2.033783137547538900e+03,1.973808762874656395e+03,1.929909691157583893e+03,1.880699133994569365e+03,1.856862211808656866e+03,1.810795352706138374e+03,1.770206524982879728e+03,1.728285566143107417e+03,1.701315302669098401e+03,1.668582065458729630e+03,1.637478117263035756e+03,1.607902122205376145e+03,1.586482275902904576e+03,1.559721069334375215e+03,1.541804946085520896e+03,1.516417914380721413e+03,1.497406703241471632e+03,1.474378021939324753e+03,1.453330447190929362e+03,1.432547371247249885e+03,1.403543004035846252e+03,1.385379100459171241e+03,1.368956079782439701e+03,1.351995747072503491e+03,1.335849226043156477e+03,1.329317764205761705e+03,1.314544429204738890e+03,1.304230812622297890e+03,1.288878385203878906e+03,1.278764576674049295e+03,1.264661130741618308e+03,1.251893704544927459e+03,1.240227251136533141e+03,1.232291554565623755e+03,1.221983396615901484e+03,1.212103998321764720e+03,1.197066962977826961e+03,1.194052166159203352e+03,1.190177667605714987e+03,1.184028907905878441e+03
nan,nan,nan,nan,nan,nan,nan,nan,nan,nan,nan,nan,nan,2.571341389739772694e+03,2.466593340067287500e+03,2.372971692016804354e+03,2.298143927688400709e+03,2.220046391474591474e+03,2.145394835122132463e+03,2.083953560768994066e+03,2.028727792393322261e+03,1.968801249518869326e+03,1.925102236501688822e+03,1.875858962905294220e+03,1.836227340552299211e+03,1.806121996836440076e+03,1.765724183365971840e+03,1.724056827148199773e+03,1.696996188255909374e+03,1.664232016853473169e+03,1.633136836451020599e+03,1.603529535245261513e+03,1.581254761275701185e+03,1.555533654134233075e+03,1.538378374315669816e+03,1.512923931930615936e+03,1.487752364349145864e+03,1.469989713613380673e+03,1.448911923820095808e+03,1.428136717369716735e+03,1.394408556180964752e+03,1.380974649104383388e+03,1.364612774877343327e+03,1.347681567810988554e+03,1.331512855274770573e+03,1.320306018074983967e+03,1.305815706257752026e+03,1.295666531041980306e+03,1.280620344086240948e+03,1.274682239968948124e+03,1.260999252457020020e+03,1.248609359441515380e+03,1.237426206646528726e+03,1.225763117708414484e+03,1.217731458377377294e+03,1.206352446933974079e+03,1.189779431160308150e+03,1.181229031732897738e+03,1.180606988603684613e+03,1.177323237073138216e+03
nan,nan,nan,nan,nan,nan,nan,nan,nan,nan,nan,nan,nan,nan,2.461510724340313573e+03,2.368251828176621984e+03,2.293271103653284172e+03,2.215127665755153430e+03,2.139854670398066446e+03,2.080011238563063671e+03,2.025119464593313978e+03,1.964305453755279814e+03,1.920755214738271206e+03,1.871491200311543253e+03,1.831925788661175829e+03,1.789164521817157720e+03,1.761507958337255559e+03,1.719888246145002995e+03,1.686615876177543441e+03,1.660454463740142046e+03,1.629318305263496541e+03,1.599745670502683652e+03,1.571656327439366578e+03,1.551678321044136510e+03,1.533623491403547860e+03,1.508268683502867816e+03,1.484158767114991633e+03,1.467001528359894110e+03,1.445851883926932942e+03,1.424237823079613918e+03,1.390500826261022894e+03,1.377099353056134532e+03,1.360746955671495698e+03,1.343848936155055526e+03,1.327649575226839943e+03,1.316467297965132957e+03,1.301990787824994186e+03,1.291747095675339096e+03,1.276684816356299052e+03,1.262577559085395706e+03,1.253089355458557748e+03,1.241001318537053749e+03,1.234116914358854046e+03,1.222252043514355364e+03,1.214553064656621245e+03,1.203543033286574428e+03,1.187337425565003286e+03,1.178161563678603898e+03,1.176106679221517425e+03,1.171505758373497429e+03
nan,nan,nan,nan,nan,nan,nan,nan,nan,nan,nan,nan,nan,nan,nan,2.362441645272661390e+03,2.289084560804339162e+03,2.210755959492676084e+03,2.136444951940206465e+03,2.075626478579100421e+03,2.020592628178688756e+03,1.961068235798184332e+03,1.916825428977341744e+03,1.867492768787100886e+03,1.820764767736988688e+03,1.785317727049581663e+03,1.757712335547247221e+03,1.716171850670714093e+03,1.682895176330191589e+03,1.656713228636475378e+03,1.625757032930544028e+03,1.596353848530726509e+03,1.568312370486153441e+03,1.548261627366317498e+03,1.530171052446792828e+03,1.504689265075756339e+03,1.480555724679099058e+03,1.462756051943241800e+03,1.441669520433157913e+03,1.420918219248648029e+03,1.387909039870565721e+03,1.369814887782468759e+03,1.357260408656627988e+03,1.340381847039330751e+03,1.324201129987562581e+03,1.308765012340835028e+03,1.298553952691327822e+03,1.288260191290593184e+03,1.273246137380012669e+03,1.259103979301754180e+03,1.249662515571478707e+03,1.237546274073769382e+03,1.226583510985618886e+03,1.215017047320719257e+03,1.207489947630924007e+03,1.190026936436619735e+03,1.184443075553870813e+03,1.175128045877605928e+03,1.169232927668883349e+03,1.168362573451049911e+03
nan,nan,nan,nan,nan,nan,nan,nan,nan,nan,nan,nan,nan,nan,nan,nan,2.284474973710065115e+03,2.206679576392896251e+03,2.132499236838355955e+03,2.072557787742104665e+03,2.008306538358728631e+03,1.963402015953553473e+03,1.913867410477993872e+03,1.864783078581152722e+03,1.817194725001807228e+03,1.781804965094548606e+03,1.741493287750015497e+03,1.712791948961398248e+03,1.679546005031312689e+03,1.653347146215428211e+03,1.622408826297086762e+03,1.592995683410042375e+03,1.565061491782279063e+03,1.539598309293977309e+03,1.527094977981903185e+03,1.501589770067488871e+03,1.477458248934882022e+03,1.454581711910574313e+03,1.438568065311929331e+03,1.417831504519862619e+03,1.384107188899682342e+03,1.366034044860613449e+03,1.355013696037138061e+03,1.338095621291135785e+03,1.321802034217103710e+03,1.305676270946217301e+03,1.301187583946248424e+03,1.285111466509585398e+03,1.270126942270256677e+03,1.256003948472418188e+03,1.242649162830185105e+03,1.234434862902513260e+03,1.223483587463333606e+03,1.211911283747767357e+03,1.200740060560355232e+03,1.186953574154705393e+03,1.177663409521892618e+03,1.168528211962711566e+03,1.162226778061694858e+03,1.165056588110991243e+03
nan,nan,nan,nan,nan,nan,nan,nan,nan,nan,nan,nan,nan,nan,nan,nan,nan,2.176287372084626895e+03,2.129115513727255802e+03,2.068967201243437557e+03,2.004748461307076241e+03,1.959885126892892686e+03,1.910337718268299568e+03,1.861144713907535788e+03,1.814656767229310844e+03,1.779373236807903595e+03,1.733024587381984929e+03,1.697308155638659628e+03,1.676451296727375620e+03,1.644002217855311983e+03,1.619323070220557156e+03,1.589935378101281458e+03,1.562011835155641620e+03,1.536554870052816796e+03,1.524108639219906536e+03,1.498671244868340409e+03,1.474667189949119575e+03,1.451812771826142580e+03,1.435783966486463669e+03,1.415048322350993431e+03,1.381328277573810965e+03,1.363633613048355301e+03,1.351522486948315191e+03,1.334612376759115705e+03,1.318441155657737681e+03,1.303677041397310177e+03,1.294924134513672925e+03,1.282913948453380954e+03,1.267273910214919397e+03,1.253175519143259862e+03,1.239834433814619388e+03,1.231624803899996550e+03,1.220691735667622197e+03,1.209123522186774835e+03,1.197942831928008445e+03,1.184228391345151067e+03,1.174902974669432979e+03,1.165782259309461779e+03,1.158848534025187746e+03,1.154745181051195459e+03
nan,nan,nan,nan,nan,nan,nan,nan,nan,nan,nan,nan,nan,nan,nan,nan,nan,nan,nan,2.065488313069294236e+03,2.000241993657556350e+03,1.956709135900495085e+03,1.907161543365263014e+03,1.857919542992073275e+03,1.811397779477746781e+03,1.769147012093843841e+03,1.730876501449934494e+03,1.695209283541825016e+03,1.673609536555179375e+03,1.641236645521572427e+03,1.616502331559592903e+03,1.587143617818380108e+03,1.559230300362099570e+03,1.533795787415293944e+03,1.521320726502730167e+03,1.495991476279215476e+03,1.471987761561075786e+03,1.449234260041590460e+03,1.428349481036741736e+03,1.412512482197442750e+03,1.378799036418791047e+03,1.361107910557801915e+03,1.344457500024002456e+03,1.332086341497180911e+03,1.314362629309902559e+03,1.300511930630240386e+03,1.291659375726934968e+03,1.279805319676688441e+03,1.265426103704105117e+03,1.251331448371156966e+03,1.237864776652638056e+03,1.229539969411200673e+03,1.218114194736951731e+03,1.206567507149570247e+03,1.195412918880273537e+03,1.178141145648706697e+03,1.172399669877609540e+03,1.163268600340672492e+03,1.155795191488724413e+03,1.151683737315534927e+03
nan,nan,nan,nan,nan,nan,nan,nan,nan,nan,nan,nan,nan,nan,nan,nan,nan,nan,nan,nan,1.997326120880018607e+03,1.944625419136935989e+03,1.903068817350248310e+03,1.855010578708913954e+03,1.808487920041261759e+03,1.766220341723499359e+03,1.727880397598542004e+03,1.692336813409168371e+03,1.659116150348018436e+03,1.638627296400868772e+03,1.613899656726739522e+03,1.584545947166285487e+03,1.556660880576182535e+03,1.531245357338731537e+03,1.513297707015704418e+03,1.493426425140732590e+03,1.469444756555992171e+03,1.446694687408091340e+03,1.425831597493188838e+03,1.410141964615003189e+03,1.376534912746073132e+03,1.358842898717501839e+03,1.342194412882175584e+03,1.329786402054967084e+03,1.312081127455743172e+03,1.298227633371914862e+03,1.289346176852307963e+03,1.273346991020342784e+03,1.262475937468492248e+03,1.248415200824746535e+03,1.235062722513999006e+03,1.223607937491228768e+03,1.216466411481030036e+03,1.204789931707999358e+03,1.193529128359382184e+03,1.175867393038519367e+03,1.170245662645661923e+03,1.160954488614354432e+03,1.152935761128777131e+03,1.148896027454445630e+03
nan,nan,nan,nan,nan,nan,nan,nan,nan,nan,nan,nan,nan,nan,nan,nan,nan,nan,nan,nan,nan,1.942013664908613009e+03,1.900679893136373721e+03,1.851186308899483492e+03,1.804668499351137825e+03,1.763568941033406418e+03,1.725239429376849102e+03,1.689643164930702369e+03,1.656396703135127609e+03,1.636790148955531095e+03,1.606158781619915317e+03,1.582142393462979271e+03,1.554273816285166731e+03,1.528866785746948835e+03,1.510923802697461497e+03,1.491058273570740539e+03,1.467086457245404745e+03,1.444364454783733436e+03,nan,1.407805724656064967e+03,1.374173210002906899e+03,1.356645261851416763e+03,1.340045721347481958e+03,1.323225474611906520e+03,1.309961653781841960e+03,1.296132244501535524e+03,1.287190458147336813e+03,1.271189158465137098e+03,1.260392017615556597e+03,1.246280682062460983e+03,1.232944316863256063e+03,1.220897063660778713e+03,1.213800338952861694e+03,1.202740225553535993e+03,1.191618829537099828e+03,1.174391714330862442e+03,1.164983836987709765e+03,1.159282851708882845e+03,1.150739678124710281e+03,1.146322231559699958e+03
nan,nan,nan,nan,nan,nan,nan,nan,nan,nan,nan,nan,nan,nan,nan,nan,nan,nan,nan,nan,nan,nan,1.882180980420021115e+03,1.848932850082001551e+03,1.802300669954792511e+03,1.760038637641820060e+03,1.715073994484854211e+03,1.687223656566953196e+03,1.653943600662742938e+03,1.621567032776478982e+03,1.603691615667470614e+03,1.580542662914814400e+03,1.552709068221867938e+03,1.526653600015290976e+03,1.508711445570974092e+03,1.488836091125484700e+03,1.464899430139833612e+03,1.442273418689695973e+03,1.421342342695444586e+03,1.400819868009631818e+03,1.372091555533504334e+03,1.355433841835350677e+03,1.337934386936518877e+03,1.321173257419651236e+03,1.308045193446336953e+03,1.294252387050146353e+03,1.285170113487487242e+03,1.269202932126835094e+03,1.258398773113609423e+03,1.244319390313192571e+03,1.230994340377660592e+03,1.218952434909123895e+03,1.208072230951003121e+03,1.200188789717527015e+03,1.189109978580333291e+03,1.171946710975513497e+03,1.163195361958361673e+03,1.157532186818145647e+03,1.148656879966373936e+03,1.144433840871616439e+03
nan,nan,nan,nan,nan,nan,nan,nan,nan,nan,nan,nan,nan,nan,nan,nan,nan,nan,nan,nan,nan,nan,nan,nan,1.800064865846270550e+03,1.757849002887290908e+03,1.712813744616678832e+03,1.684890796662274397e+03,1.650776135789837781e+03,1.619314655197815000e+03,1.601426546397755601e+03,1.578207700104629112e+03,1.550445030804581165e+03,1.525223307659027569e+03,1.506629231753065369e+03,1.481486859224414047e+03,1.462847832431774577e+03,1.440153073656464358e+03,1.419315303158788993e+03,1.384512484526563640e+03,1.370087136542567805e+03,1.353467650234376606e+03,1.335949669766712759e+03,1.319204999182024267e+03,1.306088587580600915e+03,1.292299015344673307e+03,1.283272290475949831e+03,1.267417090166657545e+03,1.252490843782754837e+03,1.242515472060337061e+03,1.229182670230955182e+03,1.217144902049489247e+03,1.206278696049326754e+03,1.198397779290417247e+03,1.187263788767485494e+03,1.170170765794433692e+03,1.160860075634453096e+03,1.155221062945795211e+03,1.146368090801814787e+03,1.142371860863839856e+03
nan,nan,nan,nan,nan,nan,nan,nan,nan,nan,nan,nan,nan,nan,nan,nan,nan,nan,nan,nan,nan,nan,nan,nan,nan,1.755781287651481080e+03,1.710787342944783859e+03,1.682757278983674723e+03,1.648758395638699994e+03,1.616356120453124959e+03,1.597585933048789684e+03,1.568438092368857042e+03,1.548319709550088191e+03,1.523042005274480516e+03,1.505197387443683965e+03,1.480146200241376619e+03,1.460927123780513284e+03,1.438240263436004398e+03,1.417418119542762042e+03,1.382756046923678014e+03,1.363481243179484864e+03,1.351592589012541566e+03,1.334125050036128641e+03,1.317404543635628670e+03,1.299926462248623693e+03,1.290478858131074958e+03,1.281410136765226071e+03,1.265545786509891968e+03,1.250765054979197885e+03,1.240785765975165305e+03,1.227499425134364856e+03,1.215484752459266247e+03,1.204610820661948992e+03,1.193018456303579342e+03,1.185622963104817700e+03,1.168525781029608652e+03,1.159217014688593054e+03,1.150091901972239611e+03,1.144609084422083697e+03,1.139815048695106270e+03
nan,nan,nan,nan,nan,nan,nan,nan,nan,nan,nan,nan,nan,nan,nan,nan,nan,nan,nan,nan,nan,nan,nan,nan,nan,nan,1.708875480375875213e+03,1.674284373946552478e+03,1.646759751391465670e+03,1.614481313610609504e+03,1.583725294122003561e+03,1.566645230641532635e+03,1.544687078920313979e+03,1.519711656056827223e+03,1.503178965551258443e+03,1.478138697768996281e+03,1.454461935840510705e+03,1.437009498915842187e+03,1.415628435701361241e+03,1.380862593038450314e+03,1.361736210283243963e+03,1.349841604329959864e+03,1.332371511928751715e+03,1.315671514786439047e+03,1.298207653098116225e+03,1.288745447841365149e+03,1.279662518519794958e+03,1.264207357198846694e+03,1.249018940857135703e+03,1.235122895452884677e+03,1.225823513223622285e+03,1.213873217269095676e+03,1.203077313145850894e+03,1.191473671947808498e+03,1.184072740018068089e+03,1.166990987536873263e+03,1.157680406683331967e+03,1.148565954345204773e+03,1.143137159535965793e+03,1.137923521647522875e+03
nan,nan,nan,nan,nan,nan,nan,nan,nan,nan,nan,nan,nan,nan,nan,nan,nan,nan,nan,nan,nan,nan,nan,nan,nan,nan,nan,nan,1.644818873133280476e+03,1.612589619185677520e+03,1.581963059928988059e+03,1.564928625829915291e+03,1.537260630772187369e+03,1.518023379098946407e+03,1.500045853885368388e+03,1.474862359435440339e+03,1.452551138191397968e+03,1.435185997827381925e+03,1.414535105742754467e+03,1.379736608101801949e+03,1.360055032870581954e+03,1.348168910432769508e+03,1.330721540641376350e+03,1.314001805872905379e+03,1.296604275620964017e+03,1.282873150186071598e+03,1.278015062818079514e+03,1.262182698871372850e+03,1.247398517321021473e+03,1.233514269929386728e+03,1.224195397555699401e+03,1.212248399674274424e+03,1.201467552960048806e+03,1.189961110965692114e+03,1.182604760153563575e+03,1.165540867069070828e+03,1.156280325034300176e+03,1.147124527753652046e+03,1.138280092202007154e+03,1.136159523047156426e+03
nan,nan,nan,nan,nan,nan,nan,nan,nan,nan,nan,nan,nan,nan,nan,nan,nan,nan,nan,nan,nan,nan,nan,nan,nan,nan,nan,nan,nan,1.610935433241580995e+03,1.580189636400468316e+03,1.563296684314878348e+03,1.535654696554542852e+03,1.516413017885618501e+03,1.498386785623168407e+03,1.473349955899001088e+03,1.449589498853958730e+03,1.432074944497268234e+03,1.411277206918161937e+03,1.378015901518609780e+03,1.359003750890390393e+03,1.342525203342530631e+03,1.329149192312531341e+03,1.312440658427606650e+03,1.295075876098366734e+03,1.281366946628378173e+03,1.276454017230179716e+03,1.260644807855621593e+03,1.245884092266880998e+03,1.231993211271735163e+03,1.218812435559451160e+03,1.210743948470017585e+03,1.199947757774591082e+03,1.188469773332963541e+03,1.177420569945175203e+03,1.164134984233204932e+03,1.154866409358339752e+03,1.145815309846213950e+03,1.136948980710796150e+03,1.134518791216680029e+03
nan,nan,nan,nan,nan,nan,nan,nan,nan,nan,nan,nan,nan,nan,nan,nan,nan,nan,nan,nan,nan,nan,nan,nan,nan,nan,nan,nan,nan,nan,1.578616917130764932e+03,1.549441468255012069e+03,1.534113934866520822e+03,1.516914170574088757e+03,1.496911301971130115e+03,1.471841551110032469e+03,1.448092329720318958e+03,1.425537599789842261e+03,1.409814136241772076e+03,1.375921116893905491e+03,1.356806979793143910e+03,1.340318662713699950e+03,1.328181939115649811e+03,1.311490468971980818e+03,1.293622885361089402e+03,1.279914025692786709e+03,1.270866397388544101e+03,1.259183473338686554e+03,1.244442251561550620e+03,1.230558683548160161e+03,1.217330639958287520e+03,1.209319341207814887e+03,1.198532412137033816e+03,1.187043926572193186e+03,1.176008259065921948e+03,1.162740436703017622e+03,1.153454456285266815e+03,1.144377590182475615e+03,1.135674728567246802e+03,1.129600247544012291e+03
nan,nan,nan,nan,nan,nan,nan,nan,nan,nan,nan,nan,nan,nan,nan,nan,nan,nan,nan,nan,nan,nan,nan,nan,nan,nan,nan,nan,nan,nan,nan,nan,1.532516396876779027e+03,1.509852950609090385e+03,1.495447775406205210e+03,1.470302195828056483e+03,1.446634612097512672e+03,1.424103233615066301e+03,1.408388591485444977e+03,1.374486145734956153e+03,1.355400209161076418e+03,1.338931488162106234e+03,1.321568770520788348e+03,1.309434347953905444e+03,1.292087146994709201e+03,1.279020527895839223e+03,1.269387164062495685e+03,1.257789072451344282e+03,1.243052910202563226e+03,1.229163792415284433e+03,1.216025427692325820e+03,1.207959285090973708e+03,1.197180313806814866e+03,1.185674456331571037e+03,1.174654406233366217e+03,1.157844137606612321e+03,1.152158126648567304e+03,1.143095756510537967e+03,1.134306943538506857e+03,1.128032749960961382e+03
nan,nan,nan,nan,nan,nan,nan,nan,nan,nan,nan,nan,nan,nan,nan,nan,nan,nan,nan,nan,nan,nan,nan,nan,nan,nan,nan,nan,nan,nan,nan,nan,nan,1.508376886014165393e+03,1.494048323950109989e+03,1.468997005183147621e+03,1.445269638439954633e+03,1.422761727188705208e+03,1.402105678558371665e+03,1.373203350269171551e+03,1.354054749810342855e+03,1.337589888931759333e+03,1.320251040609817210e+03,1.308099323439301997e+03,1.290783577829155092e+03,1.277068953075090803e+03,1.267912360401271599e+03,1.256321902746042497e+03,1.241738609856962285e+03,1.227869297930145194e+03,1.215363906483263236e+03,1.202850006014407199e+03,1.195898282317226631e+03,1.184408321344948263e+03,1.173377551445597874e+03,1.156584971679215414e+03,1.150888109160710655e+03,1.141846969051427322e+03,1.133089797003540070e+03,1.126541367602835180e+03
nan,nan,nan,nan,nan,nan,nan,nan,nan,nan,nan,nan,nan,nan,nan,nan,nan,nan,nan,nan,nan,nan,nan,nan,nan,nan,nan,nan,nan,nan,nan,nan,nan,nan,1.471900015204699230e+03,1.467677320159945339e+03,1.443948505777995024e+03,1.421463122228936982e+03,1.400819867195425559e+03,1.371822965674492934e+03,1.352747581041414378e+03,1.336301767622602938e+03,1.318949350185339426e+03,1.306829522556532083e+03,1.289514995270594227e+03,1.275812153555217037e+03,1.266637287387641436e+03,1.251091285530877030e+03,1.240344970337866926e+03,1.226509166709758802e+03,1.213948039929711285e+03,1.201608987031860124e+03,1.194660773061723148e+03,1.183190539125460873e+03,1.172162592393736986e+03,1.155318051058852006e+03,1.146188105922851946e+03,1.140650913817760056e+03,1.131880566561095748e+03,1.125063062765497307e+03
nan,nan,nan,nan,nan,nan,nan,nan,nan,nan,nan,nan,nan,nan,nan,nan,nan,nan,nan,nan,nan,nan,nan,nan,nan,nan,nan,nan,nan,nan,nan,nan,nan,nan,nan,nan,1.441051729079110146e+03,1.418622373223006207e+03,1.397273578741582469e+03,1.370543918054445840e+03,1.351490611268130579e+03,1.335065749793633586e+03,1.317733911727616032e+03,1.301172105285736052e+03,1.288310107789255198e+03,1.274624724808853898e+03,1.265505145939733666e+03,1.249766566631654541e+03,1.239176237196689499e+03,1.225320837852543946e+03,1.212880370113630306e+03,1.200267325650430394e+03,1.189584592333558930e+03,1.181895350947161887e+03,1.170873733018966504e+03,1.154180313418184141e+03,1.145046371442104828e+03,1.139481453628348390e+03,1.130725138946729885e+03,1.123714484520049837e+03
nan,nan,nan,nan,nan,nan,nan,nan,nan,nan,nan,nan,nan,nan,nan,nan,nan,nan,nan,nan,nan,nan,nan,nan,nan,nan,nan,nan,nan,nan,nan,nan,nan,nan,nan,nan,nan,1.418974873473775006e+03,1.398377175132500270e+03,1.364511545014237527e+03,1.350295087861985849e+03,1.333869536602279595e+03,1.315178278721911056e+03,1.300011516273778170e+03,1.285761213274269267e+03,1.273468001708337397e+03,1.264249688646274763e+03,1.248606436725632875e+03,1.233988282408273335e+03,1.224158838787486957e+03,1.211703266573825658e+03,1.199139412615744959e+03,1.188447945477131270e+03,1.180725088245782445e+03,1.169728273527060992e+03,1.152911262276391881e+03,1.143750572344619059e+03,1.134757535306862792e+03,1.129427689467677283e+03,1.122412423637053053e+03
nan,nan,nan,nan,nan,nan,nan,nan,nan,nan,nan,nan,nan,nan,nan,nan,nan,nan,nan,nan,nan,nan,nan,nan,nan,nan,nan,nan,nan,nan,nan,nan,nan,nan,nan,nan,nan,nan,1.383666539847156855e+03,1.363353973305622503e+03,1.349142699701456650e+03,1.332718797067912647e+03,1.315417123717632194e+03,1.298876274798212080e+03,1.281695774610815079e+03,1.272353090306799459e+03,1.263123668524016239e+03,1.247555864632108523e+03,1.232922355901540641e+03,1.223056614072169396e+03,1.210619495834560439e+03,1.198143325948921984e+03,1.187381788126634774e+03,1.175977182073568201e+03,1.167346984094399886e+03,1.151897206626240404e+03,1.142710856437074881e+03,1.133713356895306106e+03,1.128397807263062077e+03,1.121014628686417382e+03
nan,nan,nan,nan,nan,nan,nan,nan,nan,nan,nan,nan,nan,nan,nan,nan,nan,nan,nan,nan,nan,nan,nan,nan,nan,nan,nan,nan,nan,nan,nan,nan,nan,nan,nan,nan,nan,nan,nan,nan,1.343296469880122913e+03,1.331640497233214546e+03,1.314318751463604258e+03,1.297785723644459722e+03,1.280619364097429070e+03,1.271258992330922410e+03,1.262029964681327783e+03,1.246407047857237330e+03,1.231821780587904186e+03,1.218055778493393291e+03,1.209588396728724092e+03,1.197082051506789185e+03,1.186427001672559072e+03,1.174953970028983804e+03,1.167636972730042544e+03,1.150875894005688906e+03,1.141705446566943920e+03,1.132723392854698659e+03,1.124007332122358548e+03,1.119821212971516161e+03
nan,nan,nan,nan,nan,nan,nan,nan,nan,nan,nan,nan,nan,nan,nan,nan,nan,nan,nan,nan,nan,nan,nan,nan,nan,nan,nan,nan,nan,nan,nan,nan,nan,nan,nan,nan,nan,nan,nan,nan,nan,1.330975013179544476e+03,1.313251985207240295e+03,1.296725214583454999e+03,1.279583545622460633e+03,1.265986877214793140e+03,1.260974357556845916e+03,1.245372216825250234e+03,1.230777971967121402e+03,1.217036847609837878e+03,1.208557892521303756e+03,1.196071597724101139e+03,1.185391811126111179e+03,1.174025376969077115e+03,1.163011415197039014e+03,1.149907991385742207e+03,1.140691018880884258e+03,1.131754090631269037e+03,1.123040898181212242e+03,1.118682213695394466e+03
nan,nan,nan,nan,nan,nan,nan,nan,nan,nan,nan,nan,nan,nan,nan,nan,nan,nan,nan,nan,nan,nan,nan,nan,nan,nan,nan,nan,nan,nan,nan,nan,nan,nan,nan,nan,nan,nan,nan,nan,nan,nan,nan,1.295703860988746101e+03,1.278524543704887037e+03,1.264999446427599196e+03,1.259972457564775823e+03,1.244351777223065255e+03,1.229811693097067518e+03,1.216061475594068497e+03,1.203674246443561515e+03,1.195080567828225185e+03,1.184438600781948253e+03,1.173050421498099467e+03,1.162054615443333660e+03,1.148935952943401389e+03,1.139790422407953884e+03,1.130815973956307062e+03,1.122132349507106028e+03,1.114328478302207941e+03
nan,nan,nan,nan,nan,nan,nan,nan,nan,nan,nan,nan,nan,nan,nan,nan,nan,nan,nan,nan,nan,nan,nan,nan,nan,nan,nan,nan,nan,nan,nan,nan,nan,nan,nan,nan,nan,nan,nan,nan,nan,nan,nan,nan,1.277988461798939625e+03,1.264019400092799970e+03,1.259009667656710008e+03,1.243388893259707402e+03,1.228823124592357772e+03,1.215113822636923715e+03,1.202735022344150593e+03,1.194156304734367723e+03,1.183501046167460345e+03,1.172129197023191864e+03,1.161216885134736231e+03,1.144490074195529132e+03,1.138869496614271839e+03,1.129938038413765071e+03,1.121224906950335253e+03,1.113453821590374446e+03
nan,nan,nan,nan,nan,nan,nan,nan,nan,nan,nan,nan,nan,nan,nan,nan,nan,nan,nan,nan,nan,nan,nan,nan,nan,nan,nan,nan,nan,nan,nan,nan,nan,nan,nan,nan,nan,nan,nan,nan,nan,nan,nan,nan,nan,nan,1.253824945371010699e+03,1.242413090395509471e+03,1.227879574747598781e+03,1.214173242580265651e+03,1.201821211113296158e+03,1.193226485359348089e+03,1.182589639336384380e+03,1.171218542522895632e+03,1.160300953605005134e+03,1.143652129362941878e+03,1.138047873577762630e+03,1.129066506444765082e+03,1.120354182643278591e+03,1.112575580337357678e+03
nan,nan,nan,nan,nan,nan,nan,nan,nan,nan,nan,nan,nan,nan,nan,nan,nan,nan,nan,nan,nan,nan,nan,nan,nan,nan,nan,nan,nan,nan,nan,nan,nan,nan,nan,nan,nan,nan,nan,nan,nan,nan,nan,nan,nan,nan,nan,1.241852683035747077e+03,1.226967820167321634e+03,1.213239860517471698e+03,1.200898868741677006e+03,1.188529726755285537e+03,1.181690782251595238e+03,1.170349927702182640e+03,1.159420129488225939e+03,1.142787433820559954e+03,1.133675408972208970e+03,1.128194998885963059e+03,1.119494617976432664e+03,1.111703053539807570e+03
nan,nan,nan,nan,nan,nan,nan,nan,nan,nan,nan,nan,nan,nan,nan,nan,nan,nan,nan,nan,nan,nan,nan,nan,nan,nan,nan,nan,nan,nan,nan,nan,nan,nan,nan,nan,nan,nan,nan,nan,nan,nan,nan,nan,nan,nan,nan,nan,nan,1.212363300694441250e+03,1.200032982531364723e+03,1.187695628796273013e+03,1.180834325555000987e+03,1.169470478548927531e+03,1.158562535322158510e+03,1.141946408629512234e+03,1.132830998819685419e+03,1.127430661025784730e+03,1.118667762493558484e+03,1.110897600534547337e+03
nan,nan,nan,nan,nan,nan,nan,nan,nan,nan,nan,nan,nan,nan,nan,nan,nan,nan,nan,nan,nan,nan,nan,nan,nan,nan,nan,nan,nan,nan,nan,nan,nan,nan,nan,nan,nan,nan,nan,nan,nan,nan,nan,nan,nan,nan,nan,nan,nan,nan,1.201369580967762431e+03,1.188673348133392437e+03,1.178087610319440728e+03,1.168626421245591473e+03,1.157723591711770950e+03,1.141124035755963860e+03,1.131998030172227118e+03,1.123137324571757745e+03,1.117849869735291577e+03,1.110082278712516882e+03
nan,nan,nan,nan,nan,nan,nan,nan,nan,nan,nan,nan,nan,nan,nan,nan,nan,nan,nan,nan,nan,nan,nan,nan,nan,nan,nan,nan,nan,nan,nan,nan,nan,nan,nan,nan,nan,nan,nan,nan,nan,nan,nan,nan,nan,nan,nan,nan,nan,nan,nan,nan,1.177083118374104060e+03,1.169482657662967085e+03,1.158602951730684254e+03,1.141954792654665425e+03,1.132870771628105558e+03,1.123947311656615966e+03,1.118773165519530721e+03,1.110973027542914679e+03
nan,nan,nan,nan,nan,nan,nan,nan,nan,nan,nan,nan,nan,nan,nan,nan,nan,nan,nan,nan,nan,nan,nan,nan,nan,nan,nan,nan,nan,nan,nan,nan,nan,nan,nan,nan,nan,nan,nan,nan,nan,nan,nan,nan,nan,nan,nan,nan,nan,nan,nan,nan,nan,nan,1.157607856709953921e+03,1.141016487089927296e+03,1.131928242504110813e+03,1.123025219120593647e+03,1.117919138575396801e+03,1.110016520237569011e+03
nan,nan,nan,nan,nan,nan,nan,nan,nan,nan,nan,nan,nan,nan,nan,nan,nan,nan,nan,nan,nan,nan,nan,nan,nan,nan,nan,nan,nan,nan,nan,nan,nan,nan,nan,nan,nan,nan,nan,nan,nan,nan,nan,nan,nan,nan,nan,nan,nan,nan,nan,nan,nan,nan,nan,1.140420490874267443e+03,1.131010037819812624e+03,1.122096986591629729e+03,1.113520293826080660e+03,1.109231884347630967e+03
nan,nan,nan,nan,nan,nan,nan,nan,nan,nan,nan,nan,nan,nan,nan,nan,nan,nan,nan,nan,nan,nan,nan,nan,nan,nan,nan,nan,nan,nan,nan,nan,nan,nan,nan,nan,nan,nan,nan,nan,nan,nan,nan,nan,nan,nan,nan,nan,nan,nan,nan,nan,nan,nan,nan,nan,nan,1.115672716452336090e+03,1.107179150658821527e+03,1.102899250207752402e+03
nan,nan,nan,nan,nan,nan,nan,nan,nan,nan,nan,nan,nan,nan,nan,nan,nan,nan,nan,nan,nan,nan,nan,nan,nan,nan,nan,nan,nan,nan,nan,nan,nan,nan,nan,nan,nan,nan,nan,nan,nan,nan,nan,nan,nan,nan,nan,nan,nan,nan,nan,nan,nan,nan,nan,nan,nan,nan,1.106419379134454175e+03,1.098486222701081033e+03
nan,nan,nan,nan,nan,nan,nan,nan,nan,nan,nan,nan,nan,nan,nan,nan,nan,nan,nan,nan,nan,nan,nan,nan,nan,nan,nan,nan,nan,nan,nan,nan,nan,nan,nan,nan,nan,nan,nan,nan,nan,nan,nan,nan,nan,nan,nan,nan,nan,nan,nan,nan,nan,nan,nan,nan,nan,nan,nan,nan
nan,nan,nan,nan,nan,nan,nan,nan,nan,nan,nan,nan,nan,nan,nan,nan,nan,nan,nan,nan,nan,nan,nan,nan,nan,nan,nan,nan,nan,nan,nan,nan,nan,nan,nan,nan,nan,nan,nan,nan,nan,nan,nan,nan,nan,nan,nan,nan,nan,nan,nan,nan,nan,nan,nan,nan,nan,nan,nan,nan
nan,nan,nan,nan,nan,nan,nan,nan,nan,nan,nan,nan,nan,nan,nan,nan,nan,nan,nan,nan,nan,nan,nan,nan,nan,nan,nan,nan,nan,nan,nan,nan,nan,nan,nan,nan,nan,nan,nan,nan,nan,nan,nan,nan,nan,nan,nan,nan,nan,nan,nan,nan,nan,nan,nan,nan,nan,nan,nan,nan
nan,nan,nan,nan,nan,nan,nan,nan,nan,nan,nan,nan,nan,nan,nan,nan,nan,nan,nan,nan,nan,nan,nan,nan,nan,nan,nan,nan,nan,nan,nan,nan,nan,nan,nan,nan,nan,nan,nan,nan,nan,nan,nan,nan,nan,nan,nan,nan,nan,nan,nan,nan,nan,nan,nan,nan,nan,nan,nan,nan
nan,nan,nan,nan,nan,nan,nan,nan,nan,nan,nan,nan,nan,nan,nan,nan,nan,nan,nan,nan,nan,nan,nan,nan,nan,nan,nan,nan,nan,nan,nan,nan,nan,nan,nan,nan,nan,nan,nan,nan,nan,nan,nan,nan,nan,nan,nan,nan,nan,nan,nan,nan,nan,nan,nan,nan,nan,nan,nan,nan
nan,nan,nan,nan,nan,nan,nan,nan,nan,nan,nan,nan,nan,nan,nan,nan,nan,nan,nan,nan,nan,nan,nan,nan,nan,nan,nan,nan,nan,nan,nan,nan,nan,nan,nan,nan,nan,nan,nan,nan,nan,nan,nan,nan,nan,nan,nan,nan,nan,nan,nan,nan,nan,nan,nan,nan,nan,nan,nan,nan
nan,nan,nan,nan,nan,nan,nan,nan,nan,nan,nan,nan,nan,nan,nan,nan,nan,nan,nan,nan,nan,nan,nan,nan,nan,nan,nan,nan,nan,nan,nan,nan,nan,nan,nan,nan,nan,nan,nan,nan,nan,nan,nan,nan,nan,nan,nan,nan,nan,nan,nan,nan,nan,nan,nan,nan,nan,nan,nan,nan
nan,nan,nan,nan,nan,nan,nan,nan,nan,nan,nan,nan,nan,nan,nan,nan,nan,nan,nan,nan,nan,nan,nan,nan,nan,nan,nan,nan,nan,nan,nan,nan,nan,nan,nan,nan,nan,nan,nan,nan,nan,nan,nan,nan,nan,nan,nan,nan,nan,nan,nan,nan,nan,nan,nan,nan,nan,nan,nan,nan
nan,nan,nan,nan,nan,nan,nan,nan,nan,nan,nan,nan,nan,nan,nan,nan,nan,nan,nan,nan,nan,nan,nan,nan,nan,nan,nan,nan,nan,nan,nan,nan,nan,nan,nan,nan,nan,nan,nan,nan,nan,nan,nan,nan,nan,nan,nan,nan,nan,nan,nan,nan,nan,nan,nan,nan,nan,nan,nan,nan
nan,nan,nan,nan,nan,nan,nan,nan,nan,nan,nan,nan,nan,nan,nan,nan,nan,nan,nan,nan,nan,nan,nan,nan,nan,nan,nan,nan,nan,nan,nan,nan,nan,nan,nan,nan,nan,nan,nan,nan,nan,nan,nan,nan,nan,nan,nan,nan,nan,nan,nan,nan,nan,nan,nan,nan,nan,nan,nan,nan
